"student_id","school_district","grade_level","caloric_intake_per_day","sleep_hours","hair_color","random_effect","standardized_test_score"
1,"District A",5,2168,5.4,"Blonde",2.30501007982519,114.431525014993
2,"District E",10,2028,7.2,"Brown",-6.07087643300412,89.0653496120256
3,"District A",4,2179,7.4,"Brown",2.30501007982519,110.524689867034
4,"District A",2,1795,9.6,"Other",2.30501007982519,133.620043874372
5,"District B",9,2109,7.1,"Brown",-1.52799112972845,105.519832772951
6,"District D",10,2460,8.4,"Black",8.54497669137329,125.184557566641
7,"District B",6,1684,8.7,"Black",-1.52799112972845,120.311202750815
8,"District B",3,1990,7.9,"Black",-1.52799112972845,90.0778229288863
9,"District A",4,2284,6.7,"Blonde",2.30501007982519,97.5434636254298
10,"District D",7,2072,6.6,"Black",8.54497669137329,110.109441286389
11,"District A",8,2468,7.5,"Brown",2.30501007982519,116.76204666293
12,"District E",9,2404,7.7,"Brown",-6.07087643300412,91.0647576283868
13,"District D",11,1822,7.3,"Black",8.54497669137329,116.984486614077
14,"District B",3,2163,4.7,"Brown",-1.52799112972845,95.1850975116711
15,"District B",10,1722,8.3,"Black",-1.52799112972845,115.180760594046
16,"District C",2,1875,6.2,"Black",5.29151166941187,95.3949445367902
17,"District A",5,2302,7,"Brown",2.30501007982519,108.137362441949
18,"District A",3,1986,5.2,"Other",2.30501007982519,83.1822759766139
19,"District C",7,2122,9.4,"Other",5.29151166941187,121.872728389894
20,"District D",11,2250,8.9,"Brown",8.54497669137329,118.174625426492
21,"District E",6,1675,7.5,"Other",-6.07087643300412,113.87993653488
22,"District E",2,1825,6.4,"Blonde",-6.07087643300412,91.3052150568298
23,"District E",4,2234,5.3,"Black",-6.07087643300412,89.6172386673845
24,"District D",11,1966,7.1,"Blonde",8.54497669137329,100.040724603107
25,"District B",11,1819,8.4,"Other",-1.52799112972845,103.93687707476
26,"District D",10,1978,6.8,"Other",8.54497669137329,117.835609666615
27,"District C",5,1411,8.2,"Blonde",5.29151166941187,106.523615313964
28,"District B",5,1676,10.1,"Brown",-1.52799112972845,122.477959650586
29,"District A",10,2045,5.3,"Brown",2.30501007982519,114.423615188787
30,"District B",1,1474,8,"Black",-1.52799112972845,86.205851328221
31,"District C",10,1997,9.5,"Other",5.29151166941187,125.819969403281
32,"District B",7,2053,5.2,"Black",-1.52799112972845,113.655997387279
33,"District D",3,1582,8.7,"Blonde",8.54497669137329,121.27990242858
34,"District D",10,2236,2.5,"Other",8.54497669137329,107.042051179756
35,"District B",8,1749,7.8,"Other",-1.52799112972845,100.102492703701
36,"District E",12,2051,7.6,"Black",-6.07087643300412,120.121793914539
37,"District D",2,1589,5.8,"Other",8.54497669137329,81.7683159655278
38,"District E",6,1962,4.9,"Brown",-6.07087643300412,84.1849576582172
39,"District D",10,2335,10.7,"Black",8.54497669137329,132.713835237881
40,"District B",5,2211,7.2,"Blonde",-1.52799112972845,117.406349147885
41,"District B",8,1769,5.7,"Brown",-1.52799112972845,94.3518419579463
42,"District C",12,2257,10.2,"Brown",5.29151166941187,131.734977641968
43,"District A",10,2650,8.7,"Brown",2.30501007982519,116.796702419737
44,"District E",6,1957,7,"Other",-6.07087643300412,98.7139724537541
45,"District B",1,2362,8.2,"Blonde",-1.52799112972845,107.886361521461
46,"District B",12,2196,7.2,"Blonde",-1.52799112972845,97.8072797353486
47,"District B",7,1929,6.4,"Brown",-1.52799112972845,99.3960272528152
48,"District D",9,2395,6.4,"Brown",8.54497669137329,131.211445754235
49,"District C",12,1281,6.8,"Other",5.29151166941187,109.251663115203
50,"District E",2,1966,5.6,"Blonde",-6.07087643300412,76.0507464665221
51,"District B",7,2383,7,"Brown",-1.52799112972845,111.900704268296
52,"District B",12,2219,10.5,"Black",-1.52799112972845,136.108472896912
53,"District B",12,2218,4.6,"Black",-1.52799112972845,86.350677023534
54,"District E",6,2477,7.2,"Brown",-6.07087643300412,118.573430056614
55,"District A",3,2031,8.5,"Black",2.30501007982519,111.376483002443
56,"District A",2,2151,5.7,"Black",2.30501007982519,111.710713095867
57,"District D",2,2225,10.4,"Blonde",8.54497669137329,113.982864693197
58,"District E",8,1751,4,"Blonde",-6.07087643300412,85.8485370865354
59,"District B",8,2213,5.5,"Brown",-1.52799112972845,96.8019617146129
60,"District A",5,2285,4.1,"Black",2.30501007982519,111.146326053269
61,"District E",1,1826,4,"Brown",-6.07087643300412,66.7864710618804
62,"District D",9,1630,5.8,"Black",8.54497669137329,117.10375018966
63,"District D",12,1934,4.7,"Other",8.54497669137329,98.6699687850374
64,"District A",2,2012,5.5,"Blonde",2.30501007982519,95.9423528082168
65,"District C",9,1807,10.4,"Brown",5.29151166941187,141.707167227284
66,"District C",1,1712,6.6,"Black",5.29151166941187,119.54714219943
67,"District E",6,2202,9.1,"Blonde",-6.07087643300412,101.775419029554
68,"District E",3,1725,4.3,"Black",-6.07087643300412,75.9026820104171
69,"District D",4,2086,6.4,"Other",8.54497669137329,114.216236622691
70,"District E",5,2107,6.1,"Black",-6.07087643300412,71.1469885339573
71,"District D",1,2334,10.5,"Brown",8.54497669137329,109.569392779135
72,"District B",1,1997,6.3,"Blonde",-1.52799112972845,92.5685172879885
73,"District B",1,1394,7.9,"Brown",-1.52799112972845,89.4393098019748
74,"District A",10,2185,8.2,"Brown",2.30501007982519,126.912813508508
75,"District B",11,1966,7.4,"Blonde",-1.52799112972845,120.341092934809
76,"District E",9,2479,6.1,"Black",-6.07087643300412,133.370646076494
77,"District E",2,2163,8.1,"Other",-6.07087643300412,88.7177848934679
78,"District D",5,1503,8.3,"Blonde",8.54497669137329,105.334474499382
79,"District A",11,2031,5.8,"Blonde",2.30501007982519,103.430542445042
80,"District D",11,1684,7.3,"Blonde",8.54497669137329,115.671588939081
81,"District B",1,1384,5.7,"Other",-1.52799112972845,95.1457954075046
82,"District B",10,2248,7.8,"Brown",-1.52799112972845,101.9709322402
83,"District C",4,1418,6.4,"Brown",5.29151166941187,98.0918672567023
84,"District E",9,2489,5.2,"Brown",-6.07087643300412,100.611893013207
85,"District E",5,1891,7.9,"Black",-6.07087643300412,111.55698318143
86,"District C",8,1812,6.4,"Other",5.29151166941187,103.049030226123
87,"District D",6,1726,8.4,"Other",8.54497669137329,114.151592954886
88,"District E",11,1500,4.9,"Blonde",-6.07087643300412,104.563909938296
89,"District A",5,2125,5.3,"Black",2.30501007982519,85.9164055344654
90,"District D",3,1487,6.2,"Blonde",8.54497669137329,82.2329319064348
91,"District A",6,2096,8.1,"Black",2.30501007982519,115.602640350904
92,"District A",8,1688,6.8,"Blonde",2.30501007982519,93.6850895925665
93,"District E",8,2157,7.6,"Brown",-6.07087643300412,101.876240035262
94,"District C",1,2224,5.8,"Black",5.29151166941187,86.8068042127015
95,"District A",12,2070,4.2,"Brown",2.30501007982519,99.2073691736722
96,"District B",10,1384,7.5,"Other",-1.52799112972845,100.021135568112
97,"District E",8,1553,6.6,"Black",-6.07087643300412,108.293026188256
98,"District A",8,2638,9.8,"Other",2.30501007982519,121.033325993591
99,"District E",12,2488,6.7,"Black",-6.07087643300412,126.832953816322
100,"District E",8,1994,8.5,"Black",-6.07087643300412,121.466702271625
101,"District A",5,2282,6,"Blonde",2.30501007982519,92.7830508059851
102,"District B",9,1641,6.6,"Black",-1.52799112972845,78.615935411326
103,"District C",7,2194,9,"Brown",5.29151166941187,112.499190475038
104,"District B",11,1761,6.1,"Brown",-1.52799112972845,106.491969005403
105,"District B",10,1739,7.4,"Black",-1.52799112972845,113.03877948535
106,"District A",3,2020,7.9,"Other",2.30501007982519,115.380745252038
107,"District C",2,2194,8.1,"Blonde",5.29151166941187,107.327597730551
108,"District A",3,1829,4.9,"Brown",2.30501007982519,99.9973713731296
109,"District E",4,1821,6.1,"Other",-6.07087643300412,86.5253500671024
110,"District A",7,2308,6.5,"Other",2.30501007982519,110.960032528805
111,"District C",7,2504,9.3,"Brown",5.29151166941187,126.28388490221
112,"District A",9,2017,7.9,"Blonde",2.30501007982519,127.038862942597
113,"District C",3,1616,6.1,"Black",5.29151166941187,97.9975830865642
114,"District E",12,1962,7.2,"Other",-6.07087643300412,99.5771874678586
115,"District A",10,2184,7.4,"Black",2.30501007982519,144.368984663422
116,"District A",5,1628,6.1,"Other",2.30501007982519,85.9225684672275
117,"District B",11,1788,7.4,"Blonde",-1.52799112972845,113.083554440798
118,"District B",2,2359,8.6,"Black",-1.52799112972845,97.8921431780167
119,"District D",1,2591,9,"Black",8.54497669137329,123.23535241772
120,"District D",10,1609,7.9,"Other",8.54497669137329,129.147187312784
121,"District B",9,1857,6.2,"Black",-1.52799112972845,112.841264423037
122,"District B",11,2042,7.8,"Black",-1.52799112972845,94.861919816216
123,"District D",5,2104,8.6,"Black",8.54497669137329,130.151933345376
124,"District D",11,1985,8,"Other",8.54497669137329,147.225453531374
125,"District B",3,1786,6.7,"Black",-1.52799112972845,92.5908586245075
126,"District A",5,2266,8.9,"Black",2.30501007982519,104.34044358317
127,"District A",12,2183,6.7,"Blonde",2.30501007982519,102.181541424008
128,"District B",11,2008,8.1,"Brown",-1.52799112972845,103.179582282118
129,"District B",5,2059,6.3,"Brown",-1.52799112972845,104.530235207082
130,"District A",8,1760,6.6,"Brown",2.30501007982519,109.350886942993
131,"District D",6,1994,6.6,"Other",8.54497669137329,84.7767824103737
132,"District C",5,2166,10.2,"Blonde",5.29151166941187,138.693317651849
133,"District E",4,1633,9.8,"Brown",-6.07087643300412,113.831462597974
134,"District B",5,2035,6.6,"Blonde",-1.52799112972845,90.4954428731711
135,"District D",8,1661,6.7,"Brown",8.54497669137329,126.661360149887
136,"District B",10,2357,8.8,"Other",-1.52799112972845,121.543669328972
137,"District C",12,1804,7.2,"Brown",5.29151166941187,102.345545969836
138,"District B",2,1756,5.5,"Brown",-1.52799112972845,82.3701449289554
139,"District A",7,1746,9,"Black",2.30501007982519,115.469769899999
140,"District D",12,2153,7,"Other",8.54497669137329,113.639915530932
141,"District E",10,1909,6.3,"Blonde",-6.07087643300412,78.3643177508885
142,"District B",9,1826,6.6,"Black",-1.52799112972845,94.3711394978201
143,"District A",4,1564,7.6,"Black",2.30501007982519,90.5000111045505
144,"District A",2,2420,6.6,"Black",2.30501007982519,100.482991124861
145,"District E",12,2193,8.9,"Other",-6.07087643300412,118.09009214369
146,"District C",1,2103,8.1,"Blonde",5.29151166941187,102.659462878232
147,"District D",12,1870,8.1,"Black",8.54497669137329,138.418382735822
148,"District B",4,1389,3.6,"Brown",-1.52799112972845,75.7898415800687
149,"District A",12,1845,8.4,"Other",2.30501007982519,128.359972516734
150,"District E",1,2088,5.9,"Blonde",-6.07087643300412,88.8181362218818
151,"District C",1,1765,6.8,"Brown",5.29151166941187,107.719914266634
152,"District B",1,1656,6,"Other",-1.52799112972845,94.1172638133079
153,"District E",1,2383,6.8,"Other",-6.07087643300412,89.2170911322294
154,"District C",10,1509,3.5,"Black",5.29151166941187,86.2385840220265
155,"District D",3,1699,5.2,"Brown",8.54497669137329,97.33934436803
156,"District B",1,1696,9.1,"Other",-1.52799112972845,95.2525142150908
157,"District A",4,1739,5.6,"Other",2.30501007982519,105.607677540597
158,"District C",9,2253,5,"Other",5.29151166941187,110.126957801059
159,"District C",11,1501,8.3,"Brown",5.29151166941187,140.709086694021
160,"District D",7,1940,6.8,"Other",8.54497669137329,110.731472651082
161,"District D",10,1880,6.9,"Black",8.54497669137329,114.63140844383
162,"District D",7,2397,6.3,"Blonde",8.54497669137329,114.67570642423
163,"District C",3,2252,6,"Blonde",5.29151166941187,98.5860777321041
164,"District A",12,1819,9,"Blonde",2.30501007982519,113.794411523331
165,"District A",2,2278,6,"Brown",2.30501007982519,82.9446762101573
166,"District A",5,1682,5.1,"Brown",2.30501007982519,85.0115203439151
167,"District E",10,1592,5.8,"Blonde",-6.07087643300412,83.2295063007344
168,"District D",11,2285,8.6,"Black",8.54497669137329,134.460420301562
169,"District A",5,2036,4,"Brown",2.30501007982519,88.5850118769309
170,"District E",4,1457,7.1,"Blonde",-6.07087643300412,89.4599234640994
171,"District D",3,2147,6.7,"Black",8.54497669137329,108.004055547838
172,"District A",8,1856,4.3,"Black",2.30501007982519,99.0048415956008
173,"District A",8,1884,7.8,"Blonde",2.30501007982519,99.1673214113591
174,"District A",3,2373,6.8,"Blonde",2.30501007982519,115.012985943731
175,"District D",7,1866,6.4,"Brown",8.54497669137329,108.45337250319
176,"District B",9,1916,9.4,"Blonde",-1.52799112972845,126.538301571692
177,"District C",7,1816,5.5,"Brown",5.29151166941187,111.945230198658
178,"District E",5,2099,6.6,"Blonde",-6.07087643300412,96.4535801721951
179,"District E",12,2148,8.2,"Blonde",-6.07087643300412,115.420782878422
180,"District D",4,2212,4.7,"Black",8.54497669137329,97.8720423095133
181,"District A",9,1998,5.8,"Blonde",2.30501007982519,104.314870854218
182,"District C",10,1860,7.1,"Black",5.29151166941187,132.654497898815
183,"District D",10,1273,7.4,"Black",8.54497669137329,100.365053426739
184,"District E",3,2307,4.9,"Brown",-6.07087643300412,97.9618350764661
185,"District B",7,2301,9.3,"Black",-1.52799112972845,108.129100137635
186,"District A",6,2188,6.8,"Other",2.30501007982519,100.840260121551
187,"District A",1,1865,4.9,"Black",2.30501007982519,74.0488291646492
188,"District A",11,2264,5,"Black",2.30501007982519,117.367493894211
189,"District C",10,2334,8.4,"Blonde",5.29151166941187,132.627362432737
190,"District B",4,2069,9.5,"Other",-1.52799112972845,111.33333732488
191,"District E",10,1987,5.8,"Black",-6.07087643300412,85.3928839259588
192,"District D",4,1424,7.2,"Brown",8.54497669137329,115.046564244643
193,"District D",12,2456,8.7,"Blonde",8.54497669137329,133.963834328354
194,"District E",4,2076,6.5,"Black",-6.07087643300412,91.7720292377315
195,"District A",12,2119,6.6,"Brown",2.30501007982519,103.368996480059
196,"District D",3,2301,5.3,"Blonde",8.54497669137329,96.7425762403904
197,"District A",2,1966,7,"Black",2.30501007982519,100.004297843788
198,"District A",3,1728,9.6,"Other",2.30501007982519,104.508840748257
199,"District E",12,1924,9.8,"Blonde",-6.07087643300412,121.044483709052
200,"District C",3,1694,5.5,"Other",5.29151166941187,95.9069086946452
201,"District A",4,2196,7.9,"Brown",2.30501007982519,98.0944159699891
202,"District B",7,1928,9.3,"Blonde",-1.52799112972845,123.796977821067
203,"District D",6,1962,7.8,"Brown",8.54497669137329,120.693298877117
204,"District B",10,1903,5.6,"Brown",-1.52799112972845,94.5029047389799
205,"District E",10,2332,8.2,"Other",-6.07087643300412,114.446034182942
206,"District E",6,1626,5.1,"Other",-6.07087643300412,73.561551642904
207,"District C",11,1948,7.5,"Blonde",5.29151166941187,124.191751808504
208,"District E",1,1542,8.6,"Blonde",-6.07087643300412,107.381585517146
209,"District B",10,1992,6.5,"Black",-1.52799112972845,93.3284818201544
210,"District A",10,1997,6.1,"Blonde",2.30501007982519,98.0129373044885
211,"District A",3,2110,5.3,"Other",2.30501007982519,100.119267234279
212,"District A",5,2005,7.4,"Other",2.30501007982519,103.769688747428
213,"District C",9,2197,9,"Black",5.29151166941187,118.369825200685
214,"District D",10,1996,6.6,"Brown",8.54497669137329,119.134938227821
215,"District B",11,2030,9.3,"Brown",-1.52799112972845,125.919664481659
216,"District B",11,2413,6.5,"Black",-1.52799112972845,101.951890108169
217,"District B",1,2252,7.3,"Blonde",-1.52799112972845,78.9604511620855
218,"District B",1,2442,6.6,"Blonde",-1.52799112972845,100.107561953504
219,"District D",11,2216,7.9,"Other",8.54497669137329,133.77559952462
220,"District D",1,1849,8,"Black",8.54497669137329,111.765097311608
221,"District E",4,2025,7.1,"Brown",-6.07087643300412,84.3460002326882
222,"District A",3,1495,5.8,"Black",2.30501007982519,97.4052112450858
223,"District C",7,2063,8.9,"Blonde",5.29151166941187,123.511275689654
224,"District E",3,1962,5.5,"Black",-6.07087643300412,84.6781284633431
225,"District D",7,2305,7.3,"Black",8.54497669137329,124.763865478102
226,"District B",11,2161,4.4,"Blonde",-1.52799112972845,106.485102118298
227,"District B",1,2336,8.2,"Brown",-1.52799112972845,92.2776741338142
228,"District A",3,2696,6,"Black",2.30501007982519,79.6296886062657
229,"District C",3,1747,7.2,"Blonde",5.29151166941187,89.142530460414
230,"District D",7,1969,8.7,"Blonde",8.54497669137329,117.480270303704
231,"District B",6,1983,9.8,"Blonde",-1.52799112972845,135.086933541795
232,"District A",1,1825,6.5,"Other",2.30501007982519,88.8257122669352
233,"District B",6,2524,8,"Black",-1.52799112972845,97.525294752069
234,"District C",6,1718,8.8,"Brown",5.29151166941187,122.768170884244
235,"District A",1,1940,5.1,"Other",2.30501007982519,97.5917201787091
236,"District C",4,2104,8.3,"Blonde",5.29151166941187,119.326815240869
237,"District C",4,2053,4.4,"Brown",5.29151166941187,74.9217748512558
238,"District D",8,1972,7,"Blonde",8.54497669137329,105.171564254354
239,"District E",9,1928,6.1,"Black",-6.07087643300412,100.493665278898
240,"District D",4,2006,7.8,"Black",8.54497669137329,95.5881872974033
241,"District B",7,1833,5.2,"Brown",-1.52799112972845,92.0597131745361
242,"District A",4,1853,8.6,"Other",2.30501007982519,102.933889338075
243,"District C",10,2270,11.2,"Black",5.29151166941187,147.325427000736
244,"District A",7,2446,6.5,"Brown",2.30501007982519,102.865587255775
245,"District C",11,1710,8.9,"Blonde",5.29151166941187,113.604676793654
246,"District E",1,1978,2.8,"Brown",-6.07087643300412,61.2397492053768
247,"District D",1,2216,8,"Brown",8.54497669137329,108.848308246872
248,"District E",10,2094,6,"Brown",-6.07087643300412,102.647131205329
249,"District A",7,2452,8.2,"Blonde",2.30501007982519,133.179052380821
250,"District B",3,1826,9,"Blonde",-1.52799112972845,105.432446538065
251,"District B",8,1869,5,"Other",-1.52799112972845,79.7187627401813
252,"District D",9,2149,6.5,"Brown",8.54497669137329,147.126187336499
253,"District E",11,1890,8.5,"Black",-6.07087643300412,115.478580789055
254,"District C",10,2601,8.4,"Brown",5.29151166941187,124.424122464757
255,"District B",11,1848,5.8,"Black",-1.52799112972845,126.976866490562
256,"District A",12,2107,7.1,"Brown",2.30501007982519,120.451836498136
257,"District A",2,2284,3.6,"Black",2.30501007982519,86.929247382219
258,"District E",2,1688,6.6,"Other",-6.07087643300412,86.3809177115881
259,"District B",10,2334,7,"Blonde",-1.52799112972845,106.134643002749
260,"District C",8,1578,9.7,"Black",5.29151166941187,135.16134956732
261,"District B",12,1727,7.9,"Brown",-1.52799112972845,121.578349826898
262,"District C",7,2645,6.9,"Other",5.29151166941187,119.58577771617
263,"District C",7,2321,8.5,"Other",5.29151166941187,116.251648616979
264,"District D",5,1735,7.4,"Other",8.54497669137329,100.874615160471
265,"District E",8,1401,8.2,"Brown",-6.07087643300412,91.7447650088267
266,"District D",7,1222,6.2,"Brown",8.54497669137329,112.738548426
267,"District E",5,2585,8.3,"Brown",-6.07087643300412,105.824923935231
268,"District D",12,2399,8,"Black",8.54497669137329,108.902259289052
269,"District C",12,1763,8.4,"Brown",5.29151166941187,139.71273295492
270,"District B",6,1592,6.8,"Brown",-1.52799112972845,106.364541670647
271,"District A",5,2601,8.6,"Blonde",2.30501007982519,111.731997118551
272,"District C",1,2266,5.3,"Other",5.29151166941187,112.214098854082
273,"District D",5,1793,5.4,"Blonde",8.54497669137329,104.411518401245
274,"District A",7,1954,6.3,"Black",2.30501007982519,88.9402946847934
275,"District E",5,2463,8.8,"Other",-6.07087643300412,112.134949962666
276,"District D",6,2294,8.4,"Brown",8.54497669137329,115.835830334227
277,"District E",12,1662,8.5,"Black",-6.07087643300412,122.868616555433
278,"District D",5,2093,6.3,"Blonde",8.54497669137329,93.1776539437545
279,"District E",1,2312,8.7,"Blonde",-6.07087643300412,108.150079454796
280,"District D",6,2238,7,"Other",8.54497669137329,123.111032875345
281,"District E",4,2262,5.8,"Blonde",-6.07087643300412,89.9082067700116
282,"District B",5,1827,5.8,"Black",-1.52799112972845,98.7249723731099
283,"District E",2,2176,7.2,"Brown",-6.07087643300412,85.2171812700412
284,"District B",5,2588,9.9,"Blonde",-1.52799112972845,115.936563304095
285,"District B",3,1502,8,"Brown",-1.52799112972845,99.3188844279542
286,"District D",1,1624,6.7,"Black",8.54497669137329,112.182956155267
287,"District C",6,2448,6.4,"Blonde",5.29151166941187,111.132718548608
288,"District A",11,2566,5.6,"Brown",2.30501007982519,115.452860104409
289,"District E",12,2448,3.9,"Brown",-6.07087643300412,86.5394293094612
290,"District D",3,2316,7.4,"Blonde",8.54497669137329,105.231975993125
291,"District C",1,2108,4.5,"Brown",5.29151166941187,81.0062501120827
292,"District A",8,2002,9.3,"Other",2.30501007982519,129.592741736327
293,"District B",1,2369,6.8,"Other",-1.52799112972845,96.551969646568
294,"District C",3,1566,7.1,"Blonde",5.29151166941187,105.17148291108
295,"District D",1,2504,6.9,"Blonde",8.54497669137329,105.312163025863
296,"District B",2,1952,8.5,"Blonde",-1.52799112972845,94.7985309379109
297,"District A",12,2433,7.8,"Black",2.30501007982519,126.518302338288
298,"District D",11,1904,6.8,"Blonde",8.54497669137329,124.138243719831
299,"District B",6,2566,9.1,"Black",-1.52799112972845,120.579796053679
300,"District A",7,1989,8.5,"Other",2.30501007982519,117.601772047858
301,"District C",6,1872,7.2,"Brown",5.29151166941187,115.932042800768
302,"District C",6,2205,5.4,"Black",5.29151166941187,105.432195642029
303,"District E",7,1830,8.9,"Other",-6.07087643300412,106.123865390275
304,"District D",12,2050,8.1,"Blonde",8.54497669137329,118.163929913665
305,"District B",11,2476,6.4,"Brown",-1.52799112972845,93.9008199673402
306,"District B",6,1498,7.3,"Other",-1.52799112972845,87.6752156343485
307,"District A",1,1744,4.9,"Blonde",2.30501007982519,95.6286085684939
308,"District B",3,2050,8.3,"Brown",-1.52799112972845,103.710684584534
309,"District C",3,2564,4.2,"Other",5.29151166941187,89.5024372820845
310,"District A",9,2252,8.1,"Blonde",2.30501007982519,124.410492065619
311,"District B",9,1793,6.8,"Blonde",-1.52799112972845,100.473087133244
312,"District E",8,2090,7.5,"Blonde",-6.07087643300412,118.105404965981
313,"District E",6,2118,5.8,"Other",-6.07087643300412,101.084057408324
314,"District B",9,1969,7.6,"Brown",-1.52799112972845,98.8487175431675
315,"District C",7,2024,8.4,"Black",5.29151166941187,122.812800917493
316,"District C",5,1694,6.4,"Other",5.29151166941187,92.1820033502363
317,"District B",11,2111,6.3,"Other",-1.52799112972845,113.893173272761
318,"District B",8,1702,7,"Black",-1.52799112972845,102.643648845879
319,"District B",3,2298,6,"Other",-1.52799112972845,87.3070835134928
320,"District D",3,1642,6.3,"Black",8.54497669137329,102.273206409961
321,"District A",12,2304,10,"Other",2.30501007982519,129.914413888987
322,"District B",1,2390,6.5,"Black",-1.52799112972845,91.8307424479595
323,"District E",9,2358,5.1,"Other",-6.07087643300412,112.353681799902
324,"District A",1,2802,3.6,"Black",2.30501007982519,72.0049536602363
325,"District D",10,1426,6,"Other",8.54497669137329,117.221612181847
326,"District C",9,1769,6,"Other",5.29151166941187,106.290742837102
327,"District D",1,1446,6.4,"Brown",8.54497669137329,96.6370388230597
328,"District C",7,2010,5.3,"Brown",5.29151166941187,107.310252722396
329,"District D",12,1623,7.7,"Blonde",8.54497669137329,115.328832242158
330,"District A",11,2090,3.4,"Blonde",2.30501007982519,109.3474893815
331,"District B",12,1992,8.3,"Brown",-1.52799112972845,120.544802914144
332,"District C",11,1351,7.2,"Brown",5.29151166941187,110.137047504552
333,"District A",5,2135,9,"Black",2.30501007982519,140.352167852069
334,"District B",11,2392,8,"Other",-1.52799112972845,109.438399845366
335,"District A",5,1811,9.4,"Brown",2.30501007982519,112.047822064058
336,"District C",12,1552,7.2,"Blonde",5.29151166941187,114.205776642552
337,"District E",5,2359,7.6,"Black",-6.07087643300412,78.7173572005634
338,"District B",5,2068,4.9,"Brown",-1.52799112972845,100.620743109545
339,"District A",5,2449,6.7,"Brown",2.30501007982519,96.1479793128993
340,"District A",8,1815,4.7,"Blonde",2.30501007982519,96.4476365792919
341,"District B",3,1764,8.6,"Brown",-1.52799112972845,109.04058097985
342,"District A",10,2334,7,"Other",2.30501007982519,114.228650011997
343,"District D",11,2456,3.7,"Black",8.54497669137329,113.614828849613
344,"District A",11,1632,7.6,"Black",2.30501007982519,122.198380749321
345,"District C",10,2187,7.4,"Brown",5.29151166941187,124.213126745733
346,"District A",2,2161,8,"Other",2.30501007982519,98.795444093253
347,"District D",11,2089,10.4,"Brown",8.54497669137329,142.992722588731
348,"District C",12,2060,7.4,"Brown",5.29151166941187,102.44334017447
349,"District C",4,1832,8.9,"Brown",5.29151166941187,105.376076375753
350,"District E",12,1851,6.7,"Black",-6.07087643300412,107.280600984148
351,"District E",7,1593,6.4,"Black",-6.07087643300412,93.6506829110734
352,"District C",12,2937,7.9,"Other",5.29151166941187,121.373783418001
353,"District E",3,2391,8.4,"Other",-6.07087643300412,115.572257448862
354,"District B",10,2081,5.8,"Brown",-1.52799112972845,96.2916183213362
355,"District D",10,2326,8.9,"Black",8.54497669137329,135.971951824781
356,"District B",1,1843,5.7,"Blonde",-1.52799112972845,86.6813333257247
357,"District D",9,2169,6.3,"Brown",8.54497669137329,123.53000315173
358,"District A",3,1944,7.3,"Blonde",2.30501007982519,95.0531659831661
359,"District A",8,2115,7.3,"Black",2.30501007982519,113.541654032571
360,"District D",1,2062,7.4,"Black",8.54497669137329,100.67038954368
361,"District A",12,1829,6.4,"Other",2.30501007982519,112.44765579992
362,"District C",9,2244,5.9,"Brown",5.29151166941187,96.1569576119248
363,"District C",7,2265,6.7,"Brown",5.29151166941187,114.233977806064
364,"District B",9,1806,6.5,"Black",-1.52799112972845,108.37504961514
365,"District B",2,1850,7.4,"Blonde",-1.52799112972845,81.6475216191272
366,"District A",11,2141,7.1,"Brown",2.30501007982519,96.1026896512115
367,"District D",5,1653,8.1,"Blonde",8.54497669137329,114.486576887891
368,"District E",12,2045,6.2,"Brown",-6.07087643300412,103.305003919144
369,"District E",2,1828,6.6,"Black",-6.07087643300412,78.09031066911
370,"District E",12,1736,9.2,"Blonde",-6.07087643300412,101.420478005835
371,"District D",6,1765,7.5,"Blonde",8.54497669137329,122.547380858979
372,"District C",12,1535,5.2,"Blonde",5.29151166941187,102.475996350194
373,"District A",11,1801,7.9,"Other",2.30501007982519,111.536120948553
374,"District B",9,1920,7.1,"Brown",-1.52799112972845,116.922659679324
375,"District D",9,2249,5.3,"Blonde",8.54497669137329,124.672510762655
376,"District B",3,1689,5.6,"Other",-1.52799112972845,85.4919824094621
377,"District C",8,2461,7.3,"Blonde",5.29151166941187,120.881991155733
378,"District A",12,2183,7.5,"Blonde",2.30501007982519,118.598899906153
379,"District C",10,1775,6.9,"Black",5.29151166941187,105.7919808413
380,"District B",9,2707,6.9,"Other",-1.52799112972845,107.485348308422
381,"District A",1,1577,6.4,"Black",2.30501007982519,96.4834545363542
382,"District D",11,2369,8.7,"Other",8.54497669137329,149.385813706966
383,"District A",3,1612,8.4,"Black",2.30501007982519,93.100623267333
384,"District E",12,2192,4.3,"Black",-6.07087643300412,91.7177134398919
385,"District C",8,2033,5,"Other",5.29151166941187,99.9180133078065
386,"District B",6,1823,7.5,"Black",-1.52799112972845,100.107557499454
387,"District E",12,1728,5.5,"Blonde",-6.07087643300412,93.6205942932662
388,"District A",4,2076,5.3,"Other",2.30501007982519,86.0156753757955
389,"District C",7,2004,7.4,"Blonde",5.29151166941187,83.047848341779
390,"District E",6,2169,6.9,"Blonde",-6.07087643300412,94.413557987982
391,"District B",4,2176,7.2,"Other",-1.52799112972845,102.883144801733
392,"District B",5,2418,5.8,"Black",-1.52799112972845,91.366531079783
393,"District B",4,2463,5.8,"Other",-1.52799112972845,95.5712672437397
394,"District C",4,1681,7.2,"Blonde",5.29151166941187,103.234273457415
395,"District E",1,2474,7,"Blonde",-6.07087643300412,99.0424774179109
396,"District A",9,1970,7,"Black",2.30501007982519,120.923217673388
397,"District D",9,2140,5.7,"Other",8.54497669137329,108.463368005263
398,"District B",6,2092,7.4,"Other",-1.52799112972845,107.501623126341
399,"District D",11,2030,7.1,"Brown",8.54497669137329,114.056134706811
400,"District C",9,1856,8.9,"Blonde",5.29151166941187,113.437502300795
401,"District D",2,1881,6.3,"Other",8.54497669137329,112.516597630278
402,"District A",11,2459,8.4,"Black",2.30501007982519,125.840785374508
403,"District D",9,2790,5.6,"Other",8.54497669137329,101.726109626631
404,"District C",12,2313,7.4,"Other",5.29151166941187,105.768498123929
405,"District C",8,2294,5.4,"Black",5.29151166941187,122.032976980996
406,"District E",12,1965,8.4,"Brown",-6.07087643300412,121.092364992547
407,"District C",2,1650,7.7,"Brown",5.29151166941187,91.1016404985985
408,"District B",12,2028,6.6,"Black",-1.52799112972845,115.225988512402
409,"District E",10,2031,6.8,"Brown",-6.07087643300412,116.007790328892
410,"District B",7,2044,7.5,"Brown",-1.52799112972845,117.770451762036
411,"District C",12,1996,7.8,"Brown",5.29151166941187,119.10900854365
412,"District E",12,2421,8.9,"Black",-6.07087643300412,103.755098089332
413,"District E",8,2478,6.4,"Other",-6.07087643300412,97.4049945034807
414,"District B",2,2301,6.1,"Other",-1.52799112972845,89.2814780699987
415,"District E",11,1779,11.3,"Black",-6.07087643300412,128.21027650221
416,"District C",2,2039,5.6,"Brown",5.29151166941187,108.699640806167
417,"District E",7,2443,7.5,"Blonde",-6.07087643300412,110.885891392131
418,"District C",4,2195,8.6,"Brown",5.29151166941187,111.034145037521
419,"District B",5,1793,3.1,"Other",-1.52799112972845,80.5137403340459
420,"District C",5,1909,8.9,"Other",5.29151166941187,127.60855238481
421,"District B",1,1697,8.3,"Black",-1.52799112972845,107.684545765698
422,"District D",4,2264,6.3,"Other",8.54497669137329,114.955191979582
423,"District E",7,1837,6.3,"Blonde",-6.07087643300412,81.0530922630198
424,"District E",7,2303,7.2,"Brown",-6.07087643300412,100.985771546791
425,"District C",5,2414,10.4,"Blonde",5.29151166941187,128.943476869082
426,"District B",2,2283,8.4,"Blonde",-1.52799112972845,121.578187560368
427,"District C",12,1879,5.9,"Black",5.29151166941187,126.259065378631
428,"District B",12,1675,6.2,"Black",-1.52799112972845,96.6934311393229
429,"District A",4,1765,6.2,"Blonde",2.30501007982519,101.880412800782
430,"District E",7,2031,7.8,"Blonde",-6.07087643300412,103.048920370233
431,"District B",6,1896,10.3,"Black",-1.52799112972845,119.139711777538
432,"District B",2,2337,6.8,"Blonde",-1.52799112972845,86.0595568547909
433,"District A",7,2004,7.5,"Other",2.30501007982519,102.651568153642
434,"District D",7,1353,7.4,"Black",8.54497669137329,127.88988061537
435,"District D",12,2265,10.2,"Blonde",8.54497669137329,143.045898686984
436,"District D",10,2567,4.9,"Other",8.54497669137329,103.824352247826
437,"District E",5,1849,6.4,"Brown",-6.07087643300412,75.0585852615145
438,"District B",8,2110,8,"Brown",-1.52799112972845,108.056979532957
439,"District E",6,1925,5.7,"Other",-6.07087643300412,100.821035883503
440,"District A",2,1657,5.6,"Other",2.30501007982519,99.8465757517315
441,"District C",3,1850,12,"Other",5.29151166941187,118.621858359373
442,"District E",9,1953,7.3,"Blonde",-6.07087643300412,114.013112406243
443,"District B",12,1883,5.7,"Black",-1.52799112972845,100.87625569338
444,"District E",3,2089,7.6,"Brown",-6.07087643300412,96.7728765524887
445,"District C",9,1588,6.3,"Other",5.29151166941187,103.964626866433
446,"District D",5,2299,5.1,"Brown",8.54497669137329,107.460393088769
447,"District E",5,1724,7.8,"Brown",-6.07087643300412,80.5103453780269
448,"District C",3,1941,9.7,"Brown",5.29151166941187,127.897243969076
449,"District E",8,2140,10.1,"Brown",-6.07087643300412,131.129233425251
450,"District E",12,2244,5.4,"Blonde",-6.07087643300412,113.958105963195
451,"District A",2,1537,3.7,"Other",2.30501007982519,64.8843595818555
452,"District E",1,1722,9.4,"Black",-6.07087643300412,88.1037909479468
453,"District E",3,1936,7.9,"Blonde",-6.07087643300412,92.9042903415316
454,"District B",12,1604,5.5,"Brown",-1.52799112972845,104.611017774941
455,"District E",7,2062,5.6,"Brown",-6.07087643300412,92.3051614222368
456,"District A",1,1931,5.2,"Brown",2.30501007982519,87.6585109364978
457,"District B",12,2612,7.4,"Brown",-1.52799112972845,109.853647938629
458,"District C",8,1533,7.5,"Black",5.29151166941187,127.740186047176
459,"District D",2,1921,7.3,"Brown",8.54497669137329,124.354322933839
460,"District B",3,1621,6.6,"Brown",-1.52799112972845,81.6427225557959
461,"District C",1,1739,6.6,"Other",5.29151166941187,89.5013157570919
462,"District C",6,2447,7.4,"Black",5.29151166941187,105.802623864408
463,"District A",9,1568,7.5,"Brown",2.30501007982519,110.827670327324
464,"District D",3,2390,5.2,"Blonde",8.54497669137329,81.0916107533166
465,"District D",3,1885,9.3,"Black",8.54497669137329,116.601842368909
466,"District C",1,2199,4.9,"Brown",5.29151166941187,85.2748438022565
467,"District B",5,1667,5.1,"Black",-1.52799112972845,84.2422115434662
468,"District D",12,2267,4.9,"Blonde",8.54497669137329,113.562426904741
469,"District C",6,2330,10,"Other",5.29151166941187,108.458135677891
470,"District E",6,1569,7.8,"Black",-6.07087643300412,97.8087960538318
471,"District D",4,2305,7,"Brown",8.54497669137329,101.243020198165
472,"District C",3,1924,5.8,"Blonde",5.29151166941187,84.4282495236728
473,"District A",7,2429,7,"Brown",2.30501007982519,98.2965547484796
474,"District C",10,1833,6.3,"Black",5.29151166941187,93.5672316413397
475,"District E",2,2069,9.5,"Brown",-6.07087643300412,114.312706997668
476,"District B",1,1800,7.7,"Black",-1.52799112972845,100.381286156334
477,"District E",3,2133,4.7,"Black",-6.07087643300412,84.1895122551752
478,"District E",3,2332,5.1,"Brown",-6.07087643300412,86.2684061625555
479,"District D",1,2215,8.1,"Black",8.54497669137329,116.84786621015
480,"District B",4,1682,5.5,"Other",-1.52799112972845,101.740750918492
481,"District A",1,2367,7.3,"Black",2.30501007982519,109.009804397687
482,"District B",8,1857,6.2,"Blonde",-1.52799112972845,80.8363725439333
483,"District C",2,2074,6.7,"Other",5.29151166941187,107.283325258151
484,"District C",1,2394,7.2,"Other",5.29151166941187,104.4368316153
485,"District B",6,2099,8.5,"Brown",-1.52799112972845,107.544622400299
486,"District B",5,1869,7.1,"Blonde",-1.52799112972845,102.405943253599
487,"District E",12,2131,7.1,"Other",-6.07087643300412,98.9439349038288
488,"District D",2,1871,8.2,"Black",8.54497669137329,146.038920300941
489,"District C",10,1920,7.1,"Black",5.29151166941187,119.275147986619
490,"District D",2,2553,7.1,"Other",8.54497669137329,117.770241207257
491,"District E",7,2348,6.9,"Brown",-6.07087643300412,93.3495693963294
492,"District B",4,2059,6.5,"Blonde",-1.52799112972845,97.8780040895691
493,"District B",11,1601,9.5,"Black",-1.52799112972845,128.814982807029
494,"District A",7,2525,5.8,"Other",2.30501007982519,91.846293093872
495,"District E",6,2268,6,"Brown",-6.07087643300412,90.6587528552466
496,"District C",9,1602,4,"Blonde",5.29151166941187,86.2445508054543
497,"District C",2,2275,4.9,"Black",5.29151166941187,98.9924621220733
498,"District E",3,2222,6,"Other",-6.07087643300412,91.8247183596115
499,"District E",11,2200,8.1,"Other",-6.07087643300412,97.621229368146
500,"District B",6,2173,6.6,"Other",-1.52799112972845,95.7023397378423
501,"District E",9,2179,6.8,"Brown",-6.07087643300412,100.918582817255
502,"District E",12,2148,6.5,"Brown",-6.07087643300412,93.3556299610178
503,"District B",11,2294,5.8,"Other",-1.52799112972845,109.171800877521
504,"District A",3,1821,6.8,"Brown",2.30501007982519,97.7568578226147
505,"District D",4,2062,6.8,"Brown",8.54497669137329,120.851834873573
506,"District B",7,2048,8.6,"Brown",-1.52799112972845,106.766912385122
507,"District C",7,2032,7.9,"Other",5.29151166941187,116.937898939607
508,"District A",10,1730,7.4,"Brown",2.30501007982519,101.188718013379
509,"District B",2,2080,6.1,"Brown",-1.52799112972845,96.957951058916
510,"District E",10,1938,4.7,"Other",-6.07087643300412,88.5007384307283
511,"District B",10,2189,7.8,"Black",-1.52799112972845,94.1697244664813
512,"District D",12,2038,5,"Other",8.54497669137329,111.913314914816
513,"District C",4,1784,5.8,"Brown",5.29151166941187,102.796853122001
514,"District D",12,2182,6.9,"Blonde",8.54497669137329,128.930475280305
515,"District B",10,2146,9.2,"Brown",-1.52799112972845,125.005943507741
516,"District A",4,1848,9,"Blonde",2.30501007982519,112.125569008326
517,"District D",4,1895,6.3,"Blonde",8.54497669137329,118.020855520067
518,"District D",1,2638,9.3,"Blonde",8.54497669137329,135.993037029266
519,"District A",7,2038,10.6,"Black",2.30501007982519,112.559660542865
520,"District E",12,1852,6.7,"Other",-6.07087643300412,109.181067773819
521,"District B",12,1826,7.3,"Blonde",-1.52799112972845,113.983847139546
522,"District B",4,2181,7.1,"Other",-1.52799112972845,76.3023774610358
523,"District E",9,2114,8.7,"Other",-6.07087643300412,117.134392562144
524,"District B",7,2178,4.5,"Brown",-1.52799112972845,88.8746732451054
525,"District D",12,1904,6.3,"Other",8.54497669137329,120.557054780336
526,"District C",11,1825,6.6,"Black",5.29151166941187,113.336433838193
527,"District B",2,1528,8.9,"Black",-1.52799112972845,104.300173668075
528,"District B",5,2196,7.9,"Other",-1.52799112972845,91.4115499228936
529,"District B",6,2598,5.6,"Black",-1.52799112972845,85.6044270277261
530,"District B",3,1462,6.5,"Brown",-1.52799112972845,83.5902016374936
531,"District A",10,2191,9.5,"Brown",2.30501007982519,122.575562922742
532,"District C",12,1587,6.2,"Brown",5.29151166941187,119.170121924406
533,"District D",3,1887,7.3,"Black",8.54497669137329,104.957229645585
534,"District C",1,1959,9.7,"Other",5.29151166941187,120.911142200643
535,"District B",10,2078,7.5,"Brown",-1.52799112972845,103.480935769679
536,"District E",11,1885,7.2,"Black",-6.07087643300412,121.144547568085
537,"District D",8,2203,5.4,"Blonde",8.54497669137329,108.457522185831
538,"District C",6,1872,7.7,"Other",5.29151166941187,109.134375853772
539,"District E",1,2059,8.9,"Brown",-6.07087643300412,110.789344766975
540,"District B",7,2294,7.3,"Other",-1.52799112972845,101.735728512008
541,"District C",5,2292,6.6,"Blonde",5.29151166941187,111.679710704751
542,"District B",1,2059,6,"Other",-1.52799112972845,72.843260114317
543,"District B",1,2237,6.7,"Black",-1.52799112972845,85.2907632251723
544,"District E",3,2343,8.6,"Brown",-6.07087643300412,82.6752294388588
545,"District B",6,1878,7.2,"Brown",-1.52799112972845,97.3846680067684
546,"District D",6,1685,9,"Brown",8.54497669137329,124.322379451122
547,"District A",3,1728,8.4,"Brown",2.30501007982519,104.330339390259
548,"District D",9,1961,6.4,"Brown",8.54497669137329,106.431658762804
549,"District D",10,2407,6.1,"Blonde",8.54497669137329,125.470179083571
550,"District C",10,1939,7.4,"Blonde",5.29151166941187,108.709578556036
551,"District A",1,1781,7.6,"Blonde",2.30501007982519,107.960472516796
552,"District C",11,2146,5.3,"Other",5.29151166941187,114.713804328884
553,"District E",12,1888,5.7,"Blonde",-6.07087643300412,90.8040451577581
554,"District C",2,2560,7.1,"Blonde",5.29151166941187,108.451305629886
555,"District C",6,2315,4.1,"Blonde",5.29151166941187,86.4834393723643
556,"District D",11,1943,6.6,"Blonde",8.54497669137329,127.6358147727
557,"District A",2,1445,8.4,"Black",2.30501007982519,113.918222323699
558,"District B",11,2474,5.6,"Other",-1.52799112972845,101.188532091479
559,"District D",2,1685,6.2,"Black",8.54497669137329,122.588980826811
560,"District A",4,1928,8.9,"Brown",2.30501007982519,114.175420981397
561,"District D",8,2147,6.4,"Brown",8.54497669137329,118.78058158846
562,"District E",10,2287,5.9,"Blonde",-6.07087643300412,103.64465995801
563,"District C",5,2017,5.2,"Blonde",5.29151166941187,107.270074610685
564,"District A",3,2095,8,"Black",2.30501007982519,91.2759666546778
565,"District D",2,1910,6.5,"Blonde",8.54497669137329,107.309823675433
566,"District A",5,1431,7.4,"Blonde",2.30501007982519,89.6177656333312
567,"District D",3,2187,6.5,"Brown",8.54497669137329,112.312435116494
568,"District A",10,1961,7,"Black",2.30501007982519,110.727087274001
569,"District B",12,2402,7.8,"Black",-1.52799112972845,131.754220646665
570,"District C",5,2414,5.1,"Other",5.29151166941187,110.614746526083
571,"District E",3,2030,4.8,"Black",-6.07087643300412,92.8327958567167
572,"District B",12,1535,6.4,"Other",-1.52799112972845,109.758920806411
573,"District A",9,2013,6,"Brown",2.30501007982519,98.2658337286361
574,"District E",4,1894,8.7,"Black",-6.07087643300412,105.86543105409
575,"District C",4,1793,7,"Blonde",5.29151166941187,131.487442408314
576,"District B",4,2023,4.6,"Other",-1.52799112972845,87.8897541000947
577,"District E",1,1957,4.9,"Brown",-6.07087643300412,86.8328299780759
578,"District B",1,2106,6.5,"Brown",-1.52799112972845,91.6697753565564
579,"District D",12,1911,10.2,"Other",8.54497669137329,151.103751652481
580,"District A",2,2167,6.7,"Other",2.30501007982519,98.0815216530827
581,"District C",4,1904,5.7,"Brown",5.29151166941187,93.3257063326477
582,"District D",8,1767,6.8,"Brown",8.54497669137329,129.541358600659
583,"District B",8,2141,5.7,"Brown",-1.52799112972845,105.119409069501
584,"District C",10,2464,8.2,"Brown",5.29151166941187,138.371822754576
585,"District A",10,990,6,"Blonde",2.30501007982519,100.24270700361
586,"District A",2,1461,5.2,"Black",2.30501007982519,92.3067951219746
587,"District D",5,1612,6.4,"Blonde",8.54497669137329,121.214037184191
588,"District B",3,2189,6.2,"Other",-1.52799112972845,85.5130470123882
589,"District E",3,2361,7.1,"Black",-6.07087643300412,97.4345377094845
590,"District D",4,1816,8,"Other",8.54497669137329,89.7819354761272
591,"District C",4,2571,7.2,"Brown",5.29151166941187,111.646673470545
592,"District A",3,2154,8,"Blonde",2.30501007982519,97.2028220405173
593,"District C",3,2201,5.8,"Blonde",5.29151166941187,94.4838293698682
594,"District E",2,2029,5.6,"Brown",-6.07087643300412,68.5421925799687
595,"District E",10,2179,6.6,"Brown",-6.07087643300412,106.505282638662
596,"District B",5,2203,7.2,"Black",-1.52799112972845,112.454853469605
597,"District A",2,1832,6.2,"Brown",2.30501007982519,99.1416360900682
598,"District C",7,1753,6.5,"Other",5.29151166941187,107.916127550203
599,"District D",4,1812,8,"Black",8.54497669137329,98.7788513559506
600,"District B",10,1707,8.1,"Brown",-1.52799112972845,99.2526444308314
601,"District C",11,2009,8.1,"Blonde",5.29151166941187,125.747735227309
602,"District E",7,2470,7.5,"Brown",-6.07087643300412,126.701034270143
603,"District D",2,2028,8.7,"Other",8.54497669137329,111.865059618433
604,"District B",9,1857,7.9,"Brown",-1.52799112972845,132.016044374965
605,"District B",1,2125,6.6,"Blonde",-1.52799112972845,88.7610856162321
606,"District A",2,1883,8.9,"Other",2.30501007982519,106.952529033279
607,"District D",9,2395,6.4,"Brown",8.54497669137329,117.451793003782
608,"District C",12,1836,7.4,"Brown",5.29151166941187,129.191164097734
609,"District A",1,2099,6.8,"Brown",2.30501007982519,120.15357807277
610,"District B",4,1778,5,"Brown",-1.52799112972845,95.8983425934796
611,"District C",12,1663,7.5,"Other",5.29151166941187,114.220346379033
612,"District A",7,1616,4.7,"Brown",2.30501007982519,88.3098228945621
613,"District D",2,2033,8.8,"Other",8.54497669137329,121.323025734718
614,"District D",12,1741,7.7,"Black",8.54497669137329,114.220397596608
615,"District A",7,2135,7.4,"Other",2.30501007982519,104.89759175067
616,"District A",1,2096,6.7,"Black",2.30501007982519,98.1026845983195
617,"District C",11,2452,6,"Brown",5.29151166941187,100.975129139035
618,"District D",8,1981,8.9,"Brown",8.54497669137329,137.325722743638
619,"District A",1,1766,7,"Black",2.30501007982519,99.9029130734226
620,"District D",2,2603,9.6,"Other",8.54497669137329,110.810136327258
621,"District D",5,2261,7.5,"Blonde",8.54497669137329,107.185190347603
622,"District A",4,2067,10.1,"Other",2.30501007982519,115.906460274558
623,"District C",8,1734,7.3,"Blonde",5.29151166941187,109.996489715949
624,"District C",7,1909,5.6,"Brown",5.29151166941187,108.631872453498
625,"District A",8,2528,9,"Black",2.30501007982519,127.894900233052
626,"District B",11,1782,9,"Other",-1.52799112972845,119.689635917604
627,"District C",6,2132,6.1,"Blonde",5.29151166941187,94.2694410508577
628,"District C",4,2130,7.1,"Brown",5.29151166941187,110.374486655677
629,"District A",11,2133,5.6,"Brown",2.30501007982519,101.476714162585
630,"District C",5,2081,6.7,"Brown",5.29151166941187,100.730500836383
631,"District A",2,1909,4.5,"Brown",2.30501007982519,77.1191948892062
632,"District A",12,2157,8.5,"Black",2.30501007982519,138.327927237762
633,"District C",8,1827,8.4,"Blonde",5.29151166941187,113.086385634189
634,"District B",7,2180,4.7,"Other",-1.52799112972845,110.731368938822
635,"District A",3,1951,6.7,"Other",2.30501007982519,75.8462900053389
636,"District B",3,2235,7.2,"Black",-1.52799112972845,102.74616358344
637,"District E",12,1708,6.2,"Other",-6.07087643300412,109.563282035337
638,"District A",9,1904,6.9,"Other",2.30501007982519,115.384730271394
639,"District A",7,2256,6.9,"Other",2.30501007982519,110.316405274955
640,"District B",12,2353,7.4,"Brown",-1.52799112972845,90.9203470763095
641,"District D",11,2075,5.5,"Blonde",8.54497669137329,114.56511961095
642,"District D",11,1937,6.4,"Blonde",8.54497669137329,125.257565213254
643,"District B",2,2190,6.1,"Brown",-1.52799112972845,102.832879736105
644,"District C",10,2125,6.4,"Other",5.29151166941187,105.675081508214
645,"District E",11,2379,5.9,"Black",-6.07087643300412,103.594776389661
646,"District E",6,2630,7.4,"Other",-6.07087643300412,93.8706909352526
647,"District E",4,2062,5.2,"Brown",-6.07087643300412,84.5543444210861
648,"District B",11,2433,7.6,"Blonde",-1.52799112972845,111.146834039385
649,"District A",12,2178,7.9,"Blonde",2.30501007982519,115.484007170715
650,"District C",5,2209,4.5,"Other",5.29151166941187,101.301212206778
651,"District C",4,2152,9.2,"Other",5.29151166941187,124.978814349026
652,"District A",1,1796,8.4,"Blonde",2.30501007982519,107.913262534683
653,"District E",4,2066,9.1,"Other",-6.07087643300412,101.956023660191
654,"District C",6,1793,7.3,"Other",5.29151166941187,113.735822837074
655,"District E",2,2209,10.4,"Other",-6.07087643300412,104.993807383918
656,"District C",10,1671,8.2,"Brown",5.29151166941187,136.317174264598
657,"District B",3,2413,7.4,"Brown",-1.52799112972845,100.964054916004
658,"District A",12,2358,7,"Other",2.30501007982519,110.91645503975
659,"District B",10,2375,5.4,"Black",-1.52799112972845,93.4221696531293
660,"District D",11,2140,7.8,"Blonde",8.54497669137329,125.263299092607
661,"District A",4,1811,7.1,"Blonde",2.30501007982519,106.514601542337
662,"District B",9,1893,9.4,"Brown",-1.52799112972845,124.192080117221
663,"District D",8,1879,8,"Brown",8.54497669137329,120.672478078186
664,"District C",9,1634,5.8,"Other",5.29151166941187,96.9460656826988
665,"District B",2,1581,5.6,"Blonde",-1.52799112972845,89.4361373118821
666,"District A",7,2421,8.8,"Brown",2.30501007982519,126.259111807895
667,"District B",10,1816,7.6,"Brown",-1.52799112972845,116.038316977667
668,"District A",9,2244,6.3,"Blonde",2.30501007982519,112.77376646991
669,"District B",10,1529,6,"Blonde",-1.52799112972845,104.840660292532
670,"District D",12,2396,4.3,"Blonde",8.54497669137329,101.162769695943
671,"District D",11,1886,7.7,"Other",8.54497669137329,130.688379036924
672,"District A",9,2513,7.6,"Other",2.30501007982519,111.022559399594
673,"District B",8,1459,9.3,"Other",-1.52799112972845,144.357965893197
674,"District E",2,1546,9.7,"Black",-6.07087643300412,91.0394105264935
675,"District A",1,1809,5.2,"Black",2.30501007982519,82.7186518703165
676,"District A",6,1674,6.6,"Other",2.30501007982519,108.42476215783
677,"District B",3,2398,5.7,"Blonde",-1.52799112972845,92.5132196324398
678,"District D",3,2178,7.2,"Black",8.54497669137329,103.231315115076
679,"District A",1,1949,9,"Brown",2.30501007982519,118.522692867075
680,"District C",9,1810,6.8,"Other",5.29151166941187,123.158528719711
681,"District A",6,2008,7.6,"Black",2.30501007982519,127.13960523299
682,"District D",6,1958,11.3,"Blonde",8.54497669137329,127.405701065664
683,"District A",8,2124,6,"Brown",2.30501007982519,82.0366157538287
684,"District C",12,2234,6.9,"Brown",5.29151166941187,127.621592204533
685,"District D",3,1952,5.2,"Blonde",8.54497669137329,103.427489236355
686,"District C",12,2292,4.7,"Blonde",5.29151166941187,118.619762785465
687,"District A",9,2479,5.4,"Black",2.30501007982519,110.121549767715
688,"District D",7,2211,9.4,"Other",8.54497669137329,117.639111993228
689,"District E",11,2375,5.6,"Brown",-6.07087643300412,94.9272871866895
690,"District D",11,2201,8.9,"Other",8.54497669137329,134.781072620694
691,"District E",6,2288,7.9,"Other",-6.07087643300412,116.825812067708
692,"District C",2,1814,7.5,"Black",5.29151166941187,113.596789912013
693,"District D",3,2138,7,"Brown",8.54497669137329,102.098177700244
694,"District D",7,2161,7.1,"Blonde",8.54497669137329,111.967507506529
695,"District D",9,1566,8,"Other",8.54497669137329,132.936221601763
696,"District A",8,2577,7.6,"Black",2.30501007982519,106.575886702446
697,"District C",11,1934,5.1,"Black",5.29151166941187,88.0225419435188
698,"District C",6,1424,7.1,"Blonde",5.29151166941187,111.064706312888
699,"District B",1,2110,8.3,"Blonde",-1.52799112972845,96.8821746606574
700,"District A",3,2311,7.1,"Other",2.30501007982519,105.410738690667
701,"District C",5,1977,7.4,"Black",5.29151166941187,101.516455274959
702,"District D",8,2035,6.5,"Black",8.54497669137329,112.611931850559
703,"District E",11,2321,9.3,"Blonde",-6.07087643300412,105.011792578398
704,"District A",7,1996,4.2,"Other",2.30501007982519,87.1267386456165
705,"District D",12,1791,6,"Other",8.54497669137329,106.290214732638
706,"District C",9,2012,9.2,"Black",5.29151166941187,135.812275404561
707,"District C",9,2394,5.6,"Blonde",5.29151166941187,124.92846769777
708,"District E",5,2072,8.3,"Brown",-6.07087643300412,91.6543284031527
709,"District C",11,2175,9.8,"Other",5.29151166941187,128.664239694936
710,"District B",9,2739,5.8,"Black",-1.52799112972845,92.7299660551394
711,"District E",11,1906,7.4,"Brown",-6.07087643300412,121.265250950574
712,"District A",6,1772,9.3,"Other",2.30501007982519,119.515957866928
713,"District E",10,2371,7.2,"Other",-6.07087643300412,106.489053366765
714,"District B",5,1614,8.2,"Brown",-1.52799112972845,112.86900160979
715,"District A",12,2485,3.7,"Black",2.30501007982519,94.6923483655681
716,"District D",5,1826,10.3,"Other",8.54497669137329,127.010513813539
717,"District B",9,2004,4.3,"Black",-1.52799112972845,92.2637966853165
718,"District E",10,2639,6.5,"Brown",-6.07087643300412,98.6914195854841
719,"District C",11,1836,5.2,"Black",5.29151166941187,94.2078373738458
720,"District B",1,1936,8,"Other",-1.52799112972845,96.2903650636128
721,"District A",8,1482,8.8,"Other",2.30501007982519,130.42053177645
722,"District E",10,1580,9.7,"Brown",-6.07087643300412,127.789150706266
723,"District C",11,1690,5.4,"Black",5.29151166941187,120.158179775289
724,"District B",12,2175,9.9,"Blonde",-1.52799112972845,141.004198839737
725,"District B",11,1609,7.5,"Black",-1.52799112972845,97.9677937682705
726,"District E",2,2025,6,"Blonde",-6.07087643300412,79.6684762911616
727,"District A",11,2060,8.3,"Other",2.30501007982519,116.440024079846
728,"District D",3,1927,8.7,"Other",8.54497669137329,120.916361707156
729,"District D",8,2234,5,"Brown",8.54497669137329,96.8590511687825
730,"District B",11,2111,5,"Brown",-1.52799112972845,102.412060717896
731,"District E",12,1988,7.2,"Other",-6.07087643300412,87.0170860025766
732,"District B",3,2044,7.7,"Other",-1.52799112972845,99.0142951280026
733,"District C",9,1624,6.5,"Brown",5.29151166941187,97.463563993598
734,"District D",9,2498,6,"Other",8.54497669137329,105.618478968142
735,"District C",4,2090,8.8,"Other",5.29151166941187,105.714349433265
736,"District C",2,2009,9.5,"Other",5.29151166941187,121.995739826934
737,"District A",6,1901,6.8,"Blonde",2.30501007982519,94.9405573626424
738,"District B",10,1806,8.6,"Black",-1.52799112972845,122.418199829121
739,"District D",9,2342,6.2,"Brown",8.54497669137329,112.790076737285
740,"District D",11,2048,6.4,"Blonde",8.54497669137329,121.696765240188
741,"District D",5,1653,8.1,"Black",8.54497669137329,108.654314723909
742,"District C",11,2258,7.3,"Brown",5.29151166941187,117.128095406573
743,"District E",1,2234,7.1,"Brown",-6.07087643300412,88.1380140303975
744,"District E",7,1945,5.2,"Blonde",-6.07087643300412,87.9849791018441
745,"District A",7,1786,7.2,"Blonde",2.30501007982519,107.394645735285
746,"District B",4,1710,5.9,"Other",-1.52799112972845,103.286349461022
747,"District E",9,2141,5.8,"Brown",-6.07087643300412,88.485492296955
748,"District C",11,2062,9.4,"Blonde",5.29151166941187,123.077811575954
749,"District A",7,1694,5.2,"Blonde",2.30501007982519,85.0408583128422
750,"District C",3,2035,6.2,"Brown",5.29151166941187,104.559174013169
751,"District A",5,2150,3.9,"Brown",2.30501007982519,92.5986162659692
752,"District A",9,2045,5.6,"Brown",2.30501007982519,98.3194755768842
753,"District B",9,2426,6,"Black",-1.52799112972845,99.8121280617497
754,"District C",11,2567,8.4,"Other",5.29151166941187,121.306333861926
755,"District E",2,2240,6.3,"Blonde",-6.07087643300412,84.1606784938554
756,"District E",12,1443,8.8,"Blonde",-6.07087643300412,142.557869577133
757,"District A",7,2347,9.7,"Blonde",2.30501007982519,100.906335215274
758,"District C",8,1762,6.5,"Black",5.29151166941187,110.310485935001
759,"District B",4,1508,7,"Other",-1.52799112972845,105.030258109746
760,"District B",3,2103,6.3,"Black",-1.52799112972845,87.0163774780981
761,"District B",1,2061,8.6,"Other",-1.52799112972845,105.766300632064
762,"District B",11,1995,6.7,"Brown",-1.52799112972845,104.630032389409
763,"District D",1,1824,5.4,"Other",8.54497669137329,110.050375701599
764,"District A",3,2217,6.8,"Brown",2.30501007982519,104.853137037404
765,"District A",11,2100,7.6,"Blonde",2.30501007982519,127.256873816504
766,"District B",12,1690,4.6,"Black",-1.52799112972845,93.9326563776425
767,"District C",5,1591,7.8,"Other",5.29151166941187,115.187315368987
768,"District C",6,1569,8.5,"Black",5.29151166941187,115.940096597932
769,"District B",1,1976,6.4,"Brown",-1.52799112972845,102.589350648982
770,"District A",11,2184,6.7,"Blonde",2.30501007982519,123.37656795613
771,"District C",3,2340,5.1,"Other",5.29151166941187,86.4707406370812
772,"District C",7,2339,6.1,"Blonde",5.29151166941187,117.234418285141
773,"District B",5,2059,8.6,"Other",-1.52799112972845,113.146364749776
774,"District E",2,1955,7,"Brown",-6.07087643300412,83.7852833941834
775,"District A",7,2150,6.8,"Blonde",2.30501007982519,109.327621495882
776,"District C",9,2068,4.6,"Black",5.29151166941187,96.3013540417639
777,"District B",11,1972,8.2,"Other",-1.52799112972845,124.795257909118
778,"District C",8,2084,7,"Other",5.29151166941187,132.284193667248
779,"District A",2,1862,6.8,"Brown",2.30501007982519,106.127472019583
780,"District C",7,2927,5.6,"Blonde",5.29151166941187,95.8913159393248
781,"District B",12,1213,4.7,"Brown",-1.52799112972845,85.14237283617
782,"District B",7,2451,4,"Brown",-1.52799112972845,112.453394243125
783,"District A",4,2757,6.5,"Blonde",2.30501007982519,110.22979742135
784,"District A",10,2007,5.3,"Other",2.30501007982519,98.4590041150197
785,"District E",8,2295,7,"Brown",-6.07087643300412,107.403059197789
786,"District A",12,1887,6.5,"Other",2.30501007982519,103.296701371544
787,"District D",10,2344,8.2,"Black",8.54497669137329,114.630050295398
788,"District D",3,2315,6.9,"Brown",8.54497669137329,99.0484698011734
789,"District D",4,1687,7.7,"Other",8.54497669137329,123.279396725921
790,"District B",2,1602,3.8,"Black",-1.52799112972845,80.9693620715025
791,"District C",12,2136,7.4,"Black",5.29151166941187,92.9789539660264
792,"District B",10,1680,7.7,"Black",-1.52799112972845,109.284932672816
793,"District A",10,2420,7.7,"Blonde",2.30501007982519,125.361780136311
794,"District B",4,2158,7.1,"Blonde",-1.52799112972845,94.4169005167225
795,"District E",8,2172,4.3,"Blonde",-6.07087643300412,82.4968967781656
796,"District C",5,2096,6.7,"Blonde",5.29151166941187,92.2329273018527
797,"District E",6,2121,3.5,"Other",-6.07087643300412,90.9552949411616
798,"District D",6,2371,6,"Brown",8.54497669137329,116.759846419995
799,"District D",9,2031,7.2,"Other",8.54497669137329,118.130860280562
800,"District E",6,2131,8.2,"Black",-6.07087643300412,112.136774903181
801,"District A",7,2045,7.5,"Blonde",2.30501007982519,105.626992909401
802,"District D",4,2295,6,"Other",8.54497669137329,113.783546956026
803,"District C",10,1840,7.5,"Black",5.29151166941187,102.091034282739
804,"District D",5,1567,8.8,"Brown",8.54497669137329,128.657047200721
805,"District B",1,1925,6,"Black",-1.52799112972845,78.9460719841873
806,"District E",10,1412,6.7,"Other",-6.07087643300412,98.635068617862
807,"District B",3,1687,7.3,"Other",-1.52799112972845,97.9258023831785
808,"District B",10,1996,6.3,"Black",-1.52799112972845,112.978404270948
809,"District C",2,1689,6.5,"Black",5.29151166941187,104.703896085425
810,"District E",9,2241,8.5,"Black",-6.07087643300412,123.165226946156
811,"District D",4,1984,8.7,"Blonde",8.54497669137329,124.230358395102
812,"District E",11,1710,6.3,"Brown",-6.07087643300412,96.3132458698401
813,"District D",5,2267,8.8,"Blonde",8.54497669137329,118.981459355657
814,"District E",8,1887,4.8,"Other",-6.07087643300412,89.2576825928563
815,"District A",2,2181,5.3,"Blonde",2.30501007982519,97.0042093657001
816,"District C",12,2038,7.1,"Other",5.29151166941187,113.825548293922
817,"District C",12,1965,6.7,"Brown",5.29151166941187,112.737709462138
818,"District B",6,1697,7.2,"Blonde",-1.52799112972845,93.7630441286631
819,"District B",12,1208,6.4,"Other",-1.52799112972845,89.149039078214
820,"District B",10,1405,4.7,"Black",-1.52799112972845,110.271586147152
821,"District E",12,1539,7.6,"Other",-6.07087643300412,113.857994573418
822,"District D",3,1774,6.6,"Black",8.54497669137329,102.406204012761
823,"District E",8,2340,8.8,"Black",-6.07087643300412,117.209829376406
824,"District D",11,1817,9.1,"Black",8.54497669137329,142.527110242462
825,"District E",7,1433,6.6,"Blonde",-6.07087643300412,83.129280218886
826,"District A",3,1718,9,"Brown",2.30501007982519,119.183230596115
827,"District A",6,2109,9.2,"Other",2.30501007982519,105.703252763258
828,"District C",8,2089,4.1,"Black",5.29151166941187,103.363362798834
829,"District C",9,1717,8.2,"Blonde",5.29151166941187,121.414691990113
830,"District D",7,1831,4.7,"Other",8.54497669137329,101.334346955865
831,"District B",10,2033,7.5,"Brown",-1.52799112972845,97.6441281299603
832,"District A",3,1830,6.3,"Black",2.30501007982519,94.2352330767252
833,"District D",3,2020,6.7,"Blonde",8.54497669137329,111.285913605437
834,"District C",3,2266,8.3,"Black",5.29151166941187,132.868771053125
835,"District E",7,2093,6.8,"Blonde",-6.07087643300412,87.4252330442395
836,"District C",1,2135,4.7,"Brown",5.29151166941187,74.2235526534979
837,"District E",4,2210,8.9,"Blonde",-6.07087643300412,94.5804308235317
838,"District C",2,1705,5.1,"Blonde",5.29151166941187,88.7463432153492
839,"District E",3,1864,9.2,"Blonde",-6.07087643300412,97.4952468367086
840,"District E",2,2093,8,"Other",-6.07087643300412,83.0732917127217
841,"District A",10,1489,7.5,"Black",2.30501007982519,92.6160837127679
842,"District B",7,1675,3.1,"Black",-1.52799112972845,100.362249481019
843,"District D",1,1951,4.5,"Black",8.54497669137329,91.9469476671344
844,"District B",3,1700,4.3,"Black",-1.52799112972845,75.4287474060343
845,"District A",11,2388,4,"Brown",2.30501007982519,94.3823104820752
846,"District D",4,2421,4.5,"Black",8.54497669137329,117.865397611431
847,"District D",4,1843,7.5,"Other",8.54497669137329,124.229629195525
848,"District C",5,2125,6.9,"Other",5.29151166941187,100.690207880746
849,"District B",4,1713,5.7,"Black",-1.52799112972845,106.322775831248
850,"District A",6,1861,8.6,"Black",2.30501007982519,126.424081444965
851,"District A",7,1872,5.8,"Black",2.30501007982519,105.588518721423
852,"District B",2,2232,6.4,"Other",-1.52799112972845,97.2552078928425
853,"District C",8,2022,6.2,"Black",5.29151166941187,82.6355930907363
854,"District C",4,2067,4.8,"Blonde",5.29151166941187,95.2543510264396
855,"District B",1,1736,10,"Black",-1.52799112972845,96.3852035791995
856,"District E",11,2039,9.5,"Other",-6.07087643300412,112.815631410387
857,"District A",3,2083,4.4,"Black",2.30501007982519,94.7578232690969
858,"District C",9,2264,6.5,"Black",5.29151166941187,95.0688560127865
859,"District C",5,1847,4.1,"Blonde",5.29151166941187,87.7966586505329
860,"District B",7,2043,7.6,"Other",-1.52799112972845,97.4604306942865
861,"District E",11,2099,7.2,"Brown",-6.07087643300412,94.4466899570806
862,"District D",9,1688,6.2,"Other",8.54497669137329,106.237266357053
863,"District E",11,1596,4.3,"Other",-6.07087643300412,102.81413460287
864,"District E",5,2219,5.9,"Blonde",-6.07087643300412,100.008084433251
865,"District C",11,2261,8.8,"Black",5.29151166941187,113.278681286341
866,"District A",12,2098,4.2,"Other",2.30501007982519,107.585265724472
867,"District C",6,2272,5.4,"Blonde",5.29151166941187,92.3074944791477
868,"District B",4,2285,7.1,"Black",-1.52799112972845,104.338558736431
869,"District D",12,2368,8.7,"Brown",8.54497669137329,132.581300769633
870,"District B",2,2026,6,"Brown",-1.52799112972845,94.717697617071
871,"District E",6,2240,2.1,"Blonde",-6.07087643300412,75.0001722185
872,"District E",4,1766,10.9,"Other",-6.07087643300412,118.481515046878
873,"District B",1,1755,5.4,"Blonde",-1.52799112972845,87.2612482924744
874,"District B",2,2547,9.2,"Other",-1.52799112972845,117.342362780794
875,"District B",8,2016,5.5,"Blonde",-1.52799112972845,100.088103189649
876,"District A",2,1667,7.3,"Other",2.30501007982519,112.990556867415
877,"District D",3,1957,5.9,"Other",8.54497669137329,101.724837019322
878,"District D",5,1840,6.9,"Other",8.54497669137329,101.199951449874
879,"District B",11,1434,6.7,"Other",-1.52799112972845,101.629183514548
880,"District E",9,1974,4.8,"Blonde",-6.07087643300412,89.9178096773294
881,"District A",2,2198,6.8,"Other",2.30501007982519,86.2262383763627
882,"District A",4,2276,6.9,"Black",2.30501007982519,88.1782105011429
883,"District A",1,2023,8.3,"Brown",2.30501007982519,97.0806761268433
884,"District E",7,2559,5.9,"Other",-6.07087643300412,102.735750963305
885,"District D",12,2102,9.8,"Other",8.54497669137329,156.773765581485
886,"District C",10,1270,8,"Blonde",5.29151166941187,114.254551530498
887,"District A",12,2454,5.5,"Blonde",2.30501007982519,97.383623746508
888,"District C",5,1752,5.4,"Other",5.29151166941187,92.3251019585314
889,"District D",12,1885,8.4,"Blonde",8.54497669137329,125.139715700838
890,"District E",11,2015,7.2,"Other",-6.07087643300412,118.63039293869
891,"District C",1,1775,4.8,"Black",5.29151166941187,86.4591238376544
892,"District D",8,1810,4.2,"Black",8.54497669137329,93.7607982687564
893,"District C",8,2118,8.2,"Brown",5.29151166941187,115.467317104075
894,"District E",7,1308,7.1,"Black",-6.07087643300412,96.5880955826018
895,"District E",11,2039,8.6,"Other",-6.07087643300412,144.626958214334
896,"District E",3,2143,5.3,"Other",-6.07087643300412,101.700178197687
897,"District C",5,2036,8.7,"Blonde",5.29151166941187,122.042102475105
898,"District D",1,2245,6,"Blonde",8.54497669137329,117.517761314141
899,"District A",7,2237,5.7,"Black",2.30501007982519,90.0637458497511
900,"District C",9,2216,5.2,"Blonde",5.29151166941187,92.8981020331307
901,"District B",7,2480,7.2,"Black",-1.52799112972845,118.778788004571
902,"District A",1,1846,5.3,"Other",2.30501007982519,92.9617020535743
903,"District D",7,2076,8.7,"Black",8.54497669137329,135.467521336518
904,"District E",7,1946,6.6,"Other",-6.07087643300412,98.1745425926875
905,"District E",3,2205,7.8,"Other",-6.07087643300412,81.6779715119956
906,"District C",1,1851,7.4,"Black",5.29151166941187,95.2168543041572
907,"District C",1,1809,6,"Black",5.29151166941187,113.829492901153
908,"District C",6,2110,5.1,"Other",5.29151166941187,84.4627420982791
909,"District A",12,1947,6.5,"Brown",2.30501007982519,109.346916867675
910,"District A",12,1781,5,"Black",2.30501007982519,106.365270114859
911,"District A",5,2001,5,"Brown",2.30501007982519,92.1874933602416
912,"District B",4,2156,7.5,"Black",-1.52799112972845,108.264847638537
913,"District A",12,1941,6.6,"Brown",2.30501007982519,127.479064815909
914,"District A",4,1786,8.7,"Black",2.30501007982519,114.906813569625
915,"District C",7,2144,8.5,"Blonde",5.29151166941187,119.229463217752
916,"District C",11,1656,4.6,"Brown",5.29151166941187,99.5037825593974
917,"District E",6,1959,8.5,"Brown",-6.07087643300412,91.6930772610547
918,"District B",2,1938,8.9,"Other",-1.52799112972845,106.134730565489
919,"District B",9,2568,7.6,"Blonde",-1.52799112972845,116.209951208762
920,"District C",12,1342,5,"Blonde",5.29151166941187,105.636925222127
921,"District A",10,2082,7.7,"Brown",2.30501007982519,114.332733851755
922,"District D",2,2076,8.9,"Blonde",8.54497669137329,101.400941808151
923,"District E",5,2014,6.3,"Other",-6.07087643300412,93.4066382067701
924,"District B",8,2413,7.6,"Black",-1.52799112972845,135.449308083422
925,"District A",7,1853,9.3,"Black",2.30501007982519,124.321606067736
926,"District C",1,1992,8.8,"Brown",5.29151166941187,97.4139268131679
927,"District E",8,2267,6.7,"Black",-6.07087643300412,104.371734289887
928,"District E",3,1905,9.6,"Brown",-6.07087643300412,113.064308050085
929,"District D",12,1999,6.8,"Brown",8.54497669137329,132.992770077508
930,"District E",2,1963,5.5,"Black",-6.07087643300412,74.2701691120549
931,"District A",6,2187,6.4,"Black",2.30501007982519,100.636962754859
932,"District D",7,2034,8.1,"Blonde",8.54497669137329,129.050803571775
933,"District C",3,1776,8.3,"Blonde",5.29151166941187,104.941988082201
934,"District C",3,1734,8.8,"Other",5.29151166941187,94.4442887859995
935,"District A",2,1974,8.7,"Black",2.30501007982519,108.915437971568
936,"District C",5,1459,7.2,"Brown",5.29151166941187,108.557082117775
937,"District B",6,2074,7.4,"Other",-1.52799112972845,94.3108750862929
938,"District B",9,1639,6.7,"Black",-1.52799112972845,94.1643516235112
939,"District E",3,2101,7.2,"Other",-6.07087643300412,95.618337277268
940,"District B",2,2655,9.6,"Blonde",-1.52799112972845,114.57086968168
941,"District B",6,2706,4.5,"Other",-1.52799112972845,95.1225861178257
942,"District D",10,2060,9.3,"Other",8.54497669137329,117.989432142117
943,"District C",1,1649,6.6,"Other",5.29151166941187,88.1213620379633
944,"District A",5,2323,6.5,"Blonde",2.30501007982519,102.131336409434
945,"District D",4,2747,8.4,"Black",8.54497669137329,125.007737412645
946,"District A",2,1936,5.6,"Blonde",2.30501007982519,102.525773084574
947,"District B",3,2643,8.2,"Black",-1.52799112972845,102.702523864148
948,"District A",12,2174,7.3,"Other",2.30501007982519,131.645918933264
949,"District B",6,1687,7.3,"Blonde",-1.52799112972845,100.161597685569
950,"District B",10,1765,6.3,"Blonde",-1.52799112972845,110.013015822345
951,"District A",6,2335,8.1,"Blonde",2.30501007982519,111.727082617096
952,"District E",9,2259,8.3,"Other",-6.07087643300412,127.489698903389
953,"District C",10,2014,6.1,"Blonde",5.29151166941187,127.23820148047
954,"District D",10,1401,6.6,"Blonde",8.54497669137329,114.287241288155
955,"District E",3,1965,8.1,"Other",-6.07087643300412,114.517594990968
956,"District A",3,1978,8,"Brown",2.30501007982519,92.148189292585
957,"District A",6,1694,4.3,"Blonde",2.30501007982519,117.542557959894
958,"District A",8,2113,7.2,"Brown",2.30501007982519,77.8786002324257
959,"District A",1,2162,4.7,"Blonde",2.30501007982519,98.901259791027
960,"District D",4,1851,8.2,"Black",8.54497669137329,109.419239504647
961,"District C",1,1990,7.2,"Brown",5.29151166941187,113.004715674637
962,"District E",2,2151,6.5,"Black",-6.07087643300412,97.0366104076902
963,"District A",7,2174,7.4,"Blonde",2.30501007982519,105.902785791288
964,"District D",4,1678,6.4,"Brown",8.54497669137329,119.987720301629
965,"District A",5,2149,8.2,"Brown",2.30501007982519,120.044757402943
966,"District C",7,1981,7.8,"Brown",5.29151166941187,100.210804016272
967,"District E",5,1772,4.6,"Brown",-6.07087643300412,90.4505529304195
968,"District C",4,2577,8.8,"Brown",5.29151166941187,114.406353392813
969,"District E",1,2184,8.7,"Brown",-6.07087643300412,109.776199473576
970,"District C",12,2350,8,"Blonde",5.29151166941187,119.905622296332
971,"District E",4,1865,9.2,"Blonde",-6.07087643300412,107.667487713445
972,"District D",7,1522,8.3,"Brown",8.54497669137329,115.70089687999
973,"District D",4,1833,5.9,"Black",8.54497669137329,90.7993630868393
974,"District D",2,2307,4.8,"Black",8.54497669137329,98.7346648088209
975,"District C",8,2197,7,"Black",5.29151166941187,106.120606340553
976,"District B",2,2609,10.9,"Brown",-1.52799112972845,136.995530415683
977,"District B",9,1654,7.8,"Brown",-1.52799112972845,116.601949715118
978,"District B",5,1906,4.8,"Black",-1.52799112972845,75.825780762222
979,"District E",3,2069,6.7,"Black",-6.07087643300412,78.760180937848
980,"District B",2,2141,7.2,"Other",-1.52799112972845,97.1532451692621
981,"District C",2,1939,7.9,"Brown",5.29151166941187,104.732815827749
982,"District B",10,2420,6.6,"Other",-1.52799112972845,103.785751719164
983,"District D",5,2246,9.5,"Brown",8.54497669137329,117.367952904602
984,"District E",10,2201,7.8,"Other",-6.07087643300412,112.972048148883
985,"District D",12,1922,7,"Brown",8.54497669137329,127.229554308302
986,"District B",8,2359,5.3,"Black",-1.52799112972845,84.5659910071539
987,"District A",1,2113,7.3,"Other",2.30501007982519,99.0073667640843
988,"District C",3,1813,3.1,"Other",5.29151166941187,87.6822494392876
989,"District D",8,2003,6.7,"Brown",8.54497669137329,133.271595412494
990,"District B",9,1994,5.5,"Blonde",-1.52799112972845,106.738734665669
991,"District B",5,1490,7.6,"Blonde",-1.52799112972845,94.6307210853633
992,"District C",9,1989,8,"Other",5.29151166941187,120.37775160099
993,"District A",11,1981,6,"Other",2.30501007982519,114.48453374595
994,"District E",6,2177,5.6,"Blonde",-6.07087643300412,91.0728951324932
995,"District A",4,1920,7.5,"Black",2.30501007982519,112.296893836506
996,"District C",10,1683,5.8,"Blonde",5.29151166941187,109.588550544767
997,"District B",7,1976,4.4,"Other",-1.52799112972845,95.7220068270649
998,"District B",4,1738,5.5,"Brown",-1.52799112972845,80.1042850662072
999,"District B",2,1706,7.8,"Brown",-1.52799112972845,102.215158879445
1000,"District C",9,2061,7.3,"Brown",5.29151166941187,118.819548873234
