"age","group","sex","corgi","married","income_k","anxiety","mental_well","waived_insurance","therapy","veggies_week","hair_color"
57,"B","female",4,"married",69.0453853125664,-0.550746911801398,7.83473996044323,0,1,9,"blonde"
31,"A","female",3,"married",66.7574358107434,-3.73782746039331,4.50281188873202,0,0,7,"brown"
39,"B","female",5,"married",57.2235991668331,6.38400433372706,1.71671768304333,1,1,3,"brown"
26,"B","male",6,"married",69.7264793256087,3.79474766690284,6.00366547066346,1,1,4,"black"
37,"A","male",6,"married",75.4014881722932,-3.01753765366971,10.5750297170803,0,0,7,"black"
30,"A","female",2,"divorced",66.6616601374867,-2.86300934068859,3.96975913260132,1,0,1,"blonde"
67,"B","male",6,"single",85.6815574922584,2.73291862305254,10.3276526125632,0,1,10,"brown"
37,"B","male",5,"married",82.0537141200364,1.96864402830601,7.28398720908165,1,1,4,"blonde"
26,"A","female",4,"divorced",60.8824958347194,-5.42497362151742,2.90617636838555,0,0,2,"blonde"
23,"A","female",2,"married",65.5088222395756,0.909704680591822,2.51819624070823,0,0,4,"brown"
56,"B","female",2,"married",94.7605504186938,-2.33773915201426,7.79949378328025,1,0,6,"black"
51,"A","male",1,"divorced",85.9142720991995,-2.11079883717,5.58315318045765,0,0,8,"blonde"
50,"A","male",2,"divorced",91.7243864517572,2.21286709792912,7.48051115889102,1,1,8,"brown"
44,"B","male",0,"married",86.1868811069339,10.2335823887214,4.43855756853148,0,1,6,"brown"
51,"A","male",7,"divorced",72.479126378456,-5.61347861915827,11.6328083335012,1,0,5,"black"
29,"B","female",2,"married",68.3290699227458,7.43175272263587,1.63414048480243,1,1,1,"blonde"
34,"A","female",3,"single",48.1539753711728,2.38577106997371,-0.282181090578437,0,1,6,"brown"
66,"A","female",2,"married",88.0865230731121,3.65065565861762,5.4493344212845,1,1,6,"brown"
62,"B","male",5,"single",81.7205435545081,7.67763155676425,7.92150475575775,1,1,1,"blonde"
43,"A","male",2,"single",83.6720155255265,-1.59993080176413,7.55636161268503,0,0,3,"brown"
42,"B","male",4,"divorced",78.3699578324593,-5.54807926140726,7.86660995087773,0,0,10,"blonde"
33,"B","female",5,"married",80.6914727941403,-1.74149286575615,7.57679737456888,0,0,2,"black"
19,"A","male",2,"married",89.7050750996533,-0.661448121890426,3.48522520425171,0,0,1,"brown"
27,"A","female",2,"married",58.0748687108186,-0.737631647884846,5.06199423085153,1,0,7,"brown"
44,"B","male",5,"married",77.9597261977097,8.04959533747286,10.2680355436765,1,1,4,"blonde"
47,"B","female",2,"divorced",70.9224639338483,-1.50706204999238,1.83556611047313,0,0,6,"blonde"
52,"A","male",2,"married",77.1714331103034,1.70216608695686,10.1293833828643,0,1,3,"blonde"
31,"A","female",0,"married",85.9829122215658,3.79747538164258,4.21140380719304,1,1,4,"brown"
30,"B","male",1,"married",62.5981290075813,-1.59999721460044,9.80842598106712,1,0,6,"blonde"
29,"A","male",1,"single",64.4942885390205,-0.95827984072268,5.80651676284522,1,0,7,"black"
45,"A","male",2,"single",77.9562885733917,3.56192101687193,3.64043712198734,0,1,7,"other"
34,"A","male",1,"single",70.7598070638648,-3.11415145516396,4.7425581420809,0,0,4,"blonde"
41,"A","male",1,"divorced",71.5505100668061,3.67528832674027,0.742206283003092,0,1,9,"blonde"
34,"B","male",3,"single",66.5892690674409,8.16278762120753,4.53184102513269,0,1,1,"brown"
40,"B","male",2,"single",72.2080136988701,-7.17901892010123,6.06221665007994,1,0,2,"brown"
23,"B","male",2,"single",57.9289930612603,3.14724409490824,6.13141799260676,1,1,6,"black"
44,"B","male",5,"married",74.1162730238682,2.77285515807569,10.8459667182192,1,1,10,"brown"
29,"B","female",2,"single",71.5028557790175,-5.80461532443762,5.26914047805965,0,0,3,"brown"
46,"B","female",1,"divorced",85.8701144991899,-7.66060660026968,8.15106233654171,1,0,5,"black"
38,"A","male",2,"married",66.3261512136773,1.52047156192362,9.16702569753677,1,1,5,"brown"
42,"A","female",3,"divorced",68.2788311574323,-0.927924815416336,8.20938888709247,0,1,3,"other"
29,"A","female",1,"married",74.6970427633094,1.91634545654058,6.82653018927574,0,1,3,"brown"
60,"B","female",7,"married",86.142939029808,-0.718072117492556,6.30804742682725,0,0,8,"black"
46,"B","male",2,"married",95.0545955169981,4.45724158927798,10.4742732053399,0,1,2,"brown"
39,"A","female",0,"divorced",61.7090862843591,1.5475176654011,1.44846527779847,0,1,7,"brown"
41,"B","female",3,"single",64.1451368068683,-2.54383687891066,3.2859852212444,0,0,5,"black"
47,"B","female",4,"single",76.471602628997,4.57644357491285,4.25158092578128,0,1,2,"black"
39,"A","male",3,"married",72.8176761373458,-4.70527304269373,7.94516261572391,0,0,3,"black"
54,"A","female",1,"single",95.0327078422585,-0.575398715287447,6.3213261911869,1,0,2,"black"
35,"B","male",5,"married",69.4293203106795,-3.915248744376,8.14344292363152,1,0,4,"brown"
46,"A","female",5,"married",79.5641281018071,-1.45366624362767,6.89209632163495,0,0,5,"blonde"
57,"B","male",1,"married",94.9669535144376,1.81730507161468,11.3713551622741,0,1,7,"black"
30,"B","female",3,"divorced",52.5987137706425,0.273526663333178,6.17072259642184,0,1,5,"brown"
41,"B","male",5,"married",88.6301314392703,-3.31830020464957,11.3524633298591,1,1,0,"brown"
59,"A","male",4,"single",67.42524601063,2.3397243193537,9.74847587095946,1,1,4,"other"
41,"A","male",3,"married",68.3853440700417,1.23796182841063,10.2759150289893,0,1,3,"blonde"
25,"A","female",1,"single",82.010057486959,-3.61128344759345,4.87610898725688,1,0,3,"black"
26,"A","female",0,"married",76.7023026090326,-1.89329407691956,5.11561676771939,1,1,8,"brown"
48,"A","male",0,"divorced",67.1568812328331,0.013174827247858,4.98014241856337,0,0,7,"black"
50,"B","male",2,"single",57.0214478701407,-4.02203652076423,6.89858628194779,0,0,4,"black"
60,"B","male",2,"single",56.0581481020378,0.44321855045855,10.5433895140514,1,1,9,"brown"
26,"A","male",1,"single",84.5145166464916,0.0124336448311806,0.477672754094005,0,1,1,"black"
48,"A","male",1,"married",94.2949641499576,1.49766443394125,8.82094982460886,1,1,5,"black"
44,"A","male",1,"divorced",66.0849566588163,1.26785859383643,1.67268018896133,1,1,4,"brown"
28,"B","female",3,"divorced",48.4153732361214,-5.75988668907434,2.558796581503,0,0,6,"brown"
44,"B","male",0,"single",94.0207149095532,-9.073229627572,11.9447605074979,1,0,5,"other"
40,"A","male",2,"single",80.8686376549175,-3.18255122452974,6.58987455017865,0,0,3,"black"
28,"A","female",1,"single",55.1095804575372,-1.87963413313031,2.67653293457627,1,0,2,"black"
37,"B","female",2,"married",69.9525690839941,0.998577639237046,4.94014420776814,1,1,4,"brown"
28,"B","female",1,"divorced",77.4455588975547,1.31353435054421,3.39916827489436,0,1,3,"black"
35,"B","male",1,"married",84.3111031382776,-7.33129713237286,5.35563579924405,1,0,7,"black"
26,"A","male",1,"divorced",53.7257363273008,2.44633203044534,5.21660976172984,1,1,4,"blonde"
49,"A","female",2,"single",75.5838240761918,-2.45968586623669,5.11872486075759,1,0,5,"blonde"
57,"A","male",0,"married",95.9052490218357,-2.16859611928463,12.7582303756773,0,0,8,"blonde"
32,"A","male",0,"married",80.9439088219023,-1.61712302699685,6.47916496302187,0,1,5,"brown"
47,"B","female",3,"divorced",80.2487622977855,-8.49373509310186,9.0424101760909,1,0,3,"blonde"
49,"A","female",4,"married",71.7172344824242,-0.442731434926391,9.01154759893566,1,0,3,"brown"
31,"A","female",3,"single",69.3613515852465,2.81834945909679,2.23864737463742,0,1,6,"other"
25,"B","female",2,"married",85.0886293632071,-5.74730104021728,4.98423501756042,0,0,5,"black"
69,"B","female",5,"divorced",65.9053799164411,-6.19866625208408,11.4293716810308,1,0,1,"brown"
54,"A","female",5,"married",67.4732699652651,1.24442343592644,4.69000095559657,0,1,4,"brown"
52,"A","female",4,"married",93.9279953306288,2.09487893894315,7.85808270956576,0,1,11,"other"
27,"A","female",1,"married",85.3682294694524,-1.41037933066487,4.16763219843805,0,0,3,"brown"
38,"B","female",2,"divorced",81.9337740673045,5.46283752400428,-0.12055129052326,1,1,6,"brown"
39,"A","male",3,"married",87.0460259772415,-1.37076714009047,5.74222956968844,1,0,9,"brown"
33,"B","male",4,"married",77.095088319549,-0.654952166751027,10.3452265972719,0,0,3,"brown"
51,"B","male",1,"married",82.5605164973544,-6.39741524264216,7.62541362182796,0,0,3,"blonde"
34,"A","female",1,"single",77.3042538796283,1.33465314872563,2.8220692210868,1,1,4,"brown"
38,"B","female",3,"married",57.5333915627501,0.200818772651255,6.2825354805477,1,1,4,"black"
63,"A","male",1,"single",100.292675916384,0.730203062519431,7.27019615092129,1,1,3,"brown"
50,"B","male",3,"single",75.3913555236926,3.3298937631771,2.98880426837131,0,1,1,"brown"
28,"B","female",2,"married",81.4422767809981,-7.02425870817155,3.93601436621323,0,0,3,"black"
33,"A","female",3,"single",61.315121051448,-1.31909641824663,3.95258272164315,0,0,2,"brown"
16,"A","female",1,"single",74.8648150536371,-0.756782926917076,4.12325169117749,0,0,5,"blonde"
23,"A","female",3,"single",59.1390546665374,-4.41669860944152,4.26517124202848,1,0,3,"blonde"
36,"A","male",1,"single",65.7335569160386,-0.383828646242619,3.80164938868582,0,0,1,"brown"
22,"A","male",0,"married",74.8415694447817,-3.3243215470016,9.86895206126571,0,0,7,"black"
37,"A","male",2,"married",69.8417688039841,-0.0312392024695873,6.99308872844279,0,1,6,"black"
38,"A","female",3,"single",68.674586188269,-3.04331689678133,4.78819714442641,0,0,3,"brown"
28,"A","male",2,"divorced",81.8600706139191,-0.430898717194796,4.44002644342184,0,1,6,"blonde"
63,"B","male",7,"divorced",66.7604248052628,-11.607609382607,15.4649527453147,0,0,8,"blonde"
42,"A","female",3,"married",65.4681222565603,2.26893096618354,5.2375369110629,1,1,5,"black"
25,"A","female",1,"married",67.165206817802,-3.0116811785847,7.72616077009588,0,0,9,"black"
38,"B","male",3,"single",89.8037374319771,5.76310530792922,5.65729247706756,0,1,3,"brown"
53,"B","male",4,"married",91.8913077204859,-6.67126440867782,13.2918922923207,1,0,5,"black"
58,"A","female",5,"married",75.0945660572237,2.11071359910071,10.1983966252282,0,1,7,"brown"
26,"B","female",2,"divorced",63.9985229759391,-9.47278556928039,4.41262341426313,0,0,4,"brown"
26,"A","male",0,"married",73.9438658904835,-3.37662235975266,8.24687475325167,0,0,4,"brown"
32,"A","female",2,"single",62.9718917805963,-1.43682089321315,2.38094672112912,1,0,3,"brown"
34,"A","male",5,"married",74.7971022637298,-5.40261217176914,6.08574676132202,0,0,9,"black"
28,"A","male",2,"divorced",55.8055450660278,-1.08878165535629,5.71429591604322,1,0,6,"brown"
59,"B","male",4,"married",90.2101793482875,3.147723576352,5.21960514421016,0,1,7,"other"
33,"B","male",3,"divorced",58.5684641377793,-0.971604885682464,6.9398616547212,0,0,4,"other"
41,"A","female",1,"single",78.4377950836638,3.61453538358212,1.17603314565122,0,1,9,"brown"
19,"A","male",1,"married",54.5592596105198,1.65230129577219,5.32250568705052,1,1,2,"brown"
21,"B","female",0,"married",73.6432835877809,3.719823817797,1.40868026118353,1,1,3,"other"
58,"A","male",3,"single",94.0002664462129,-2.45987462081015,4.92936830543727,1,0,5,"brown"
27,"B","male",3,"married",82.4179672881716,-9.99725106734783,9.12519115694985,1,0,7,"brown"
24,"A","male",2,"married",95.7391234741095,-1.56545019753277,8.95815244237334,0,1,6,"black"
23,"A","male",2,"single",44.3612774778618,0.311185452193022,0.461468701332808,0,1,6,"brown"
32,"A","female",0,"married",61.31043765952,3.43605745710433,1.48306236825138,0,1,2,"black"
73,"B","male",6,"married",75.0259273228463,4.16934018585831,8.83683899565414,0,1,7,"black"
35,"A","female",4,"divorced",65.8362083853261,2.00744816176593,3.13704893697053,1,1,5,"black"
40,"A","male",2,"married",64.4252768148551,-2.59773115701973,4.65489313345403,0,0,9,"brown"
34,"B","female",1,"married",73.0133358313258,-8.30929470404983,4.074496863693,0,0,7,"blonde"
47,"B","male",2,"married",80.2293374324211,0.203010817579925,12.2058345838748,1,1,8,"black"
58,"B","male",7,"single",59.3810387426186,-2.96572454102337,13.3382696649507,1,1,4,"blonde"
39,"A","male",6,"divorced",76.0059862184429,-1.46701633863151,8.80151335204393,1,1,7,"blonde"
50,"A","male",3,"single",90.053770472351,-2.34361824393272,10.7581761274487,0,0,4,"other"
35,"B","male",0,"married",68.2066342311474,2.77875065971166,5.64673435637727,1,1,8,"blonde"
34,"A","female",1,"married",55.0732273707006,-2.79053124196827,6.66918573202938,1,0,2,"other"
62,"A","female",4,"married",95.9640505108591,2.79426810868084,3.79667683213204,1,1,4,"blonde"
49,"B","female",5,"married",79.7539359597595,5.88906137507409,4.45771225247905,1,1,4,"blonde"
36,"A","male",2,"married",89.9710252658781,0.89303141951561,6.09063444586098,1,0,7,"brown"
27,"A","male",2,"single",59.3253654059102,-1.08263883650303,1.68283058974147,0,1,6,"brown"
44,"A","female",3,"single",62.1437670492549,-4.34038088738918,7.95423251433671,1,0,7,"brown"
38,"B","male",5,"married",87.1293146419916,-2.93399959687144,9.49361642154679,1,0,5,"other"
43,"A","female",3,"married",89.709284456443,3.03122703231871,7.54481218942255,0,1,1,"brown"
68,"B","female",3,"married",74.7210830425934,3.69262487128377,10.1971448896527,0,1,5,"black"
41,"B","male",2,"married",83.7335045982382,8.78710510365665,6.46481806812435,0,1,8,"blonde"
58,"B","female",2,"married",87.3561412157915,1.94677788935602,6.3297542212978,0,1,2,"blonde"
31,"A","male",3,"married",75.4735396706333,-2.49029539443552,11.1129914612845,0,0,3,"brown"
47,"B","male",2,"married",82.4881887272113,-0.804311772286892,10.8529585395306,0,0,7,"brown"
45,"A","female",0,"divorced",64.8973148271664,2.02594003230333,-0.827258331403137,1,1,2,"brown"
28,"B","male",0,"married",66.0498432297777,2.75642997253686,8.82708054526523,0,1,5,"blonde"
51,"B","male",1,"divorced",63.9227414570189,10.2675394979119,0.400799498945475,0,1,4,"blonde"
37,"B","male",3,"single",101.747588802417,-4.31105888098478,3.94816803026199,0,0,4,"other"
41,"A","male",2,"married",90.5214877016447,-0.0517358727008104,7.65434950207919,1,1,2,"blonde"
24,"B","male",1,"married",71.6890086277042,9.96002794571221,4.71509442920238,1,1,3,"black"
23,"A","male",1,"single",74.3596831345239,-3.80716653443873,5.21689401202649,0,0,3,"black"
43,"B","male",0,"married",73.2599002395501,-9.05277916356921,13.6578421169966,1,0,2,"brown"
46,"A","female",3,"married",81.6399098282334,-0.659156864434481,5.07545472325385,1,1,7,"other"
64,"B","female",4,"single",78.1411007354397,7.95186870891601,1.12074736029282,0,1,1,"blonde"
40,"A","male",3,"divorced",75.8303054860204,-2.38011139705777,9.69012571819127,0,0,5,"brown"
17,"B","male",1,"married",67.5755304999476,9.72401930313557,5.02345681847259,1,1,4,"black"
36,"B","male",0,"single",64.2922685002593,-3.62269665274769,1.8511788807027,1,0,7,"black"
68,"B","male",4,"single",94.1368200417691,-0.45211599893868,5.14568638355285,1,1,3,"black"
23,"A","male",1,"married",77.343774105488,2.54706886507571,2.07761706941575,1,1,5,"black"
41,"A","male",2,"married",71.0186563089764,-2.87632274657488,10.1970271547288,0,0,5,"brown"
46,"B","male",3,"married",75.0154135695527,-10.1254565715045,15.102708630614,0,0,2,"brown"
26,"A","male",1,"single",69.7086291758182,1.19035766877234,4.69299988565594,0,1,3,"black"
36,"B","female",4,"married",59.4464445493373,-5.94103312559426,10.0934885820523,1,0,2,"brown"
37,"A","female",1,"married",72.9905406191943,-2.75391120299697,3.45073793034256,1,0,7,"black"
39,"B","male",2,"married",70.7647417669033,5.1086320483312,2.48376500409469,1,1,5,"black"
37,"A","male",3,"married",66.7020411514201,-3.58649226114154,5.30826029281318,0,0,5,"black"
38,"A","female",5,"single",59.1783136085223,1.17847201623023,6.30562780939788,0,1,3,"blonde"
39,"A","male",3,"divorced",56.0035504782214,2.09094687245786,9.12201832102984,0,1,5,"blonde"
46,"A","male",2,"married",73.3670985273103,2.93492955349386,8.46075414603204,1,1,7,"black"
24,"A","male",3,"single",61.3204723368546,2.23939149595797,4.14662566999346,1,1,1,"black"
57,"B","male",3,"married",93.7960138971766,-3.75270093012601,7.45866943978891,1,0,6,"blonde"
52,"B","female",1,"married",68.6228129194274,4.04054692942649,2.88317738567665,0,1,6,"blonde"
37,"A","female",2,"divorced",81.8810405027053,-0.765747461691499,4.65306773415953,1,1,2,"brown"
43,"A","male",1,"divorced",79.6009584721441,3.21605498962104,8.50323224552721,1,1,6,"black"
36,"A","male",1,"married",67.4932767505292,1.73647193729877,8.89161813819408,1,1,4,"brown"
43,"B","male",4,"divorced",97.0517659822754,7.24468162342906,7.24210623633862,0,1,6,"blonde"
32,"A","female",3,"divorced",49.9096602412929,-3.95851359575987,1.5663065584302,0,0,6,"black"
55,"B","male",5,"married",96.8019910835142,2.62101326733828,9.19758615650237,1,1,6,"brown"
35,"A","female",0,"single",52.5652540511476,-0.220787502080202,4.15306721121073,0,0,2,"black"
22,"A","male",1,"divorced",69.3952608855272,-1.79824213817716,6.40346205982566,0,0,1,"blonde"
32,"A","male",2,"divorced",69.1119154648984,-0.244994002059102,1.73972886166722,0,0,1,"blonde"
53,"A","male",1,"single",72.5923615024149,-0.447491312921047,7.22334439490736,1,1,4,"black"
10,"A","male",0,"divorced",47.9398320209808,3.11922435164452,2.67902744613588,0,1,5,"black"
38,"A","female",2,"married",74.5202602282447,-1.48928820692003,4.53542639718205,0,0,1,"blonde"
56,"A","male",2,"divorced",80.1181674854238,2.72216633416712,3.68569774863869,1,1,5,"blonde"
48,"A","female",1,"divorced",77.6413574781497,-2.67438223302364,3.72475667622686,0,0,3,"brown"
40,"B","male",4,"divorced",77.8577162816234,2.35084682349116,4.32317041413859,0,1,3,"black"
25,"A","male",2,"married",83.4401052087507,-0.826769318431616,5.8519870556891,0,0,5,"other"
55,"B","male",5,"single",94.9460398269278,-4.00385171044618,6.39129307454452,1,0,5,"brown"
23,"B","male",4,"married",57.8528264698798,1.82483935825527,3.32813191943616,1,1,6,"black"
38,"B","female",5,"single",82.8054267892233,5.57344140134752,4.68642661192268,0,1,5,"black"
38,"B","male",0,"divorced",69.9972060639984,1.94934249039739,4.12863397302851,0,1,5,"other"
32,"B","female",1,"married",73.6702054648953,-8.83676797118038,6.69161468547955,0,0,3,"brown"
26,"B","male",1,"single",68.074057823045,6.77352864898741,5.79523105514795,0,1,3,"black"
50,"B","male",3,"married",83.0060182478257,2.1252034958452,9.79003459978849,1,1,6,"brown"
55,"A","female",4,"single",70.7034197778191,0.728178091719747,1.91195489753038,1,1,5,"blonde"
26,"B","male",0,"married",66.0383710911878,-3.4817864620313,8.49648532490805,1,0,3,"black"
26,"B","female",4,"divorced",76.2846757664596,-9.99534963585436,6.286226488702,1,0,7,"blonde"
32,"B","male",1,"married",99.3336173962943,8.70634129304439,3.87360444096103,0,1,4,"brown"
26,"B","male",1,"single",75.4271286515666,-1.9570204089582,7.21558186286688,0,0,3,"brown"
40,"B","female",5,"married",82.7941973278764,1.60750354100019,5.72690454380587,0,1,7,"black"
59,"B","female",3,"single",76.3477905621164,-9.82065004639328,6.33748040469736,1,0,4,"blonde"
25,"B","female",1,"single",48.8225625619493,-6.94698051083833,5.12734836777672,1,0,3,"black"
19,"A","male",1,"single",62.4230988696722,2.69580879166722,6.28964876948297,0,1,4,"black"
31,"B","male",0,"married",73.5361962430074,-7.47146476443857,10.1177304812111,1,0,2,"black"
49,"B","female",5,"married",78.9683057741924,-1.63269651353359,4.08607088899612,0,0,4,"brown"
36,"A","male",2,"single",69.8706246833573,-1.00639545239508,5.44805427772552,0,0,4,"brown"
39,"B","male",3,"single",85.5260144344893,-7.72246538035572,5.33381410332769,0,0,4,"brown"
29,"B","male",3,"divorced",82.4172695870782,-3.33172825917602,7.09778917825222,1,0,1,"blonde"
39,"B","female",2,"divorced",77.5238125537987,5.55364786993712,-1.94741039547697,1,1,7,"blonde"
40,"A","female",0,"married",65.6452720030495,1.06724348030984,6.9866703652218,0,1,4,"blonde"
44,"B","female",2,"married",76.2888838233641,-0.53350579354912,2.34956630241498,1,0,8,"blonde"
33,"B","male",1,"divorced",83.2518973423409,-1.1563201417774,6.96060744286329,1,1,3,"brown"
28,"B","female",2,"married",73.5094823930494,-7.10683832649142,4.28930578554794,0,0,4,"black"
24,"B","male",2,"married",62.0882479642698,4.35540324218571,7.93214084538072,0,1,13,"black"
31,"A","male",1,"married",69.4761058917901,-2.38955804437399,3.59546686851978,0,0,8,"brown"
49,"A","female",6,"single",62.3894693601904,0.850205048471689,1.67932138121128,0,1,6,"brown"
20,"A","male",0,"single",70.815571616972,1.57471702024341,-0.19118499726057,1,1,1,"black"
33,"B","female",1,"divorced",59.0705533059379,10.1548129616678,0.632899959430099,1,1,5,"black"
39,"B","male",1,"married",86.5938541779049,4.82592647962272,9.6613754896298,0,1,3,"black"
42,"A","male",5,"single",86.785106080893,-2.58521561682224,7.96753098662198,1,0,5,"blonde"
74,"B","male",4,"married",103.435050166132,0.491952254921198,10.6712692258358,1,1,6,"black"
29,"B","male",1,"divorced",62.4789786158077,-4.00299796748906,3.1745534301959,1,0,3,"black"
18,"A","female",1,"single",46.1798691907109,0.235148274004459,4.3835870077908,0,1,3,"other"
30,"A","male",0,"married",64.1612195310069,1.0604411367327,3.48787155549973,0,1,0,"black"
43,"A","female",2,"married",75.5395644675653,2.61012802518904,1.41410879754275,1,1,5,"black"
37,"B","male",1,"single",67.0461665503271,4.36271411158144,5.29082461788505,0,1,9,"other"
36,"A","female",0,"single",77.2443757223649,4.6867827244848,0.00376964641362454,0,1,4,"blonde"
51,"B","male",2,"divorced",77.6486953488871,4.76033513572067,4.16098349481449,0,1,4,"brown"
78,"A","female",4,"single",65.4335875163602,3.37064194068313,5.19385305453837,0,1,2,"blonde"
38,"B","female",2,"married",80.8198396733657,-9.48078333657235,7.42286780423299,0,0,3,"blonde"
21,"B","female",1,"divorced",77.4146343161196,-8.839700441733,7.97224152123183,1,0,5,"brown"
31,"B","female",1,"divorced",58.4578554309036,-9.49184347514063,6.79951783589646,1,0,3,"black"
38,"B","male",6,"married",79.6657096243811,-7.71901100944728,9.52598521358147,1,0,4,"brown"
48,"A","male",4,"married",78.4854001186981,-0.75344475261867,12.2142198000923,1,1,8,"brown"
36,"A","male",0,"married",63.5562291347117,-2.25373148612678,9.04079226908833,0,0,8,"blonde"
39,"B","male",2,"married",71.5116694451588,5.75296230029315,9.61910586607084,1,1,7,"black"
33,"B","female",1,"single",62.94838068043,-4.42243143744767,6.17170601882786,0,0,7,"blonde"
24,"B","female",1,"divorced",56.1139414535463,1.30032581605017,3.5443855028078,1,1,7,"brown"
33,"B","female",2,"married",72.4811075759908,-9.75264090593904,8.5752712992467,1,0,4,"brown"
29,"A","male",1,"single",52.7668419096037,-2.69953894995153,8.82872191222757,0,0,5,"blonde"
45,"A","male",1,"divorced",84.4682133479529,3.00775838792324,3.15513525895774,0,1,8,"black"
36,"B","male",0,"married",65.7912973519895,3.85190400600433,8.630397389099,1,1,4,"black"
33,"B","male",5,"single",66.5350234880374,0.986543017290533,7.61917970101163,0,1,8,"blonde"
30,"B","female",0,"divorced",67.6586731416755,3.79361591245979,1.90694878360257,0,1,4,"brown"
24,"A","male",3,"married",77.1242646830476,-1.95681734986603,9.28328936951608,1,0,1,"black"
45,"B","male",3,"married",64.0745058385369,8.47079030759633,6.66100524637848,1,1,2,"other"
25,"B","female",2,"single",51.2439822219668,-7.04617729596794,1.90386291313916,1,0,6,"black"
39,"B","female",2,"single",65.3520521423536,-7.33813145782799,9.48746480502561,0,0,5,"brown"
38,"A","female",1,"married",58.8010345295953,1.96747452788055,5.21352202252299,0,1,2,"blonde"
58,"A","female",6,"married",84.0658934767488,0.444774009138346,5.71094245617092,0,0,5,"blonde"
62,"B","female",4,"married",81.6889297019632,0.127692426331341,5.85437232439592,0,1,6,"blonde"
45,"A","female",3,"married",95.8911622568192,-1.80945209264755,7.14837024800479,1,0,4,"brown"
37,"A","female",2,"single",50.9187847267164,1.45935100667179,4.46124515651911,0,1,3,"brown"
37,"A","female",3,"single",63.8715033707884,-1.5620131289959,4.67880657713115,1,0,7,"blonde"
56,"B","female",4,"married",68.352533834058,-0.35514396160841,6.73420361684263,1,0,5,"blonde"
50,"B","male",3,"married",73.3134421004818,-10.2126976354048,8.04093923019245,1,0,8,"black"
47,"A","female",2,"divorced",86.396698141865,-2.56104422867298,1.99797825294733,1,0,7,"blonde"
36,"A","female",1,"married",56.5837481569493,-1.41714067451656,4.22519751956314,0,0,11,"other"
37,"A","male",2,"married",88.5048427360014,-1.22997819654644,9.497800552167,0,0,5,"blonde"
35,"A","male",2,"single",65.670313229236,2.91163962595165,5.31091348040849,0,1,5,"black"
29,"A","female",2,"married",74.1296325606583,-1.80680334016681,3.73921543194354,0,0,2,"blonde"
34,"B","female",2,"divorced",53.9060874457434,-8.11629676602781,1.45356994877011,0,0,4,"brown"
47,"B","male",3,"married",89.3985011147245,4.61010722309351,9.81717573183775,0,1,8,"black"
33,"B","male",1,"single",79.4972314776228,9.31852731559426,2.9525692047067,0,1,3,"black"
25,"A","female",1,"married",51.1438811390729,2.69736788421869,-0.379023159295321,0,1,2,"brown"
41,"A","female",2,"divorced",78.6652020678806,-3.19638738065958,3.76000946359336,1,0,4,"black"
54,"A","male",2,"single",76.4596802514027,1.4815204384923,3.60267987719178,0,1,8,"black"
20,"B","male",4,"single",76.2861732911313,-7.05637301634997,7.68507720978931,1,0,8,"blonde"
60,"B","female",5,"married",77.4430198183015,1.12928187828511,6.61577837063,1,1,7,"black"
37,"A","male",1,"single",72.7979881316981,-3.37768168397248,8.12146411060542,0,0,4,"brown"
28,"A","male",1,"single",59.3380199624271,3.70707217179239,5.09679587908834,1,1,5,"blonde"
45,"A","male",5,"single",78.9330233260961,0.0147130709141492,10.3776786775514,0,0,9,"brown"
32,"B","female",0,"married",80.0535620569451,-6.5795150423795,5.81868583857268,1,0,0,"blonde"
54,"A","female",2,"married",87.1771864243205,-2.70542022407055,4.17927857472003,0,0,5,"brown"
35,"B","male",0,"single",58.9048130201834,-0.608077098801732,5.96773007322103,0,0,1,"brown"
46,"A","female",5,"married",88.2220190842843,-4.90560218498111,8.7048227263391,0,0,6,"other"
32,"A","male",3,"single",63.2360181321061,1.86935140319169,2.22683577685803,1,1,1,"brown"
28,"B","male",1,"single",68.4642265615989,8.22811962984502,-0.261354546464979,1,1,10,"brown"
34,"B","male",2,"single",82.1255419522186,7.72257103707641,-1.07245040814951,1,1,1,"black"
34,"B","male",2,"married",77.3011276018104,7.58396307595074,4.8208594770208,1,1,5,"blonde"
41,"B","male",3,"married",73.1171750764965,7.71663054794073,6.78748663710058,0,1,2,"brown"
62,"B","female",4,"married",88.382208063525,-3.02143824867904,8.89540765292197,1,0,2,"blonde"
57,"B","female",5,"married",77.209075463118,-5.3427572600916,8.90381959312782,0,0,6,"black"
37,"B","male",2,"married",72.8408070933376,-4.41439558681101,5.5828591230996,1,0,3,"black"
42,"A","female",4,"divorced",87.4183125233983,-2.4566785710305,8.88895885884017,1,0,4,"brown"
61,"A","female",4,"married",95.0929163203548,-3.94052656434476,5.76531975475699,0,0,3,"blonde"
39,"B","female",3,"divorced",69.465841012334,-7.33677348427474,5.27061093802005,1,0,3,"blonde"
55,"B","female",3,"married",67.2110218960426,-0.971775739081204,11.5556143373065,0,0,5,"black"
20,"A","female",0,"married",80.5009891790833,1.83169436603785,5.21418729715049,1,1,7,"blonde"
34,"B","male",4,"divorced",77.9198179374287,-6.37037095397711,4.25258469833434,0,0,3,"brown"
35,"B","female",1,"divorced",52.2479903945802,-3.10263468436897,1.82508080523461,0,0,3,"brown"
30,"A","male",2,"married",81.1668123541726,2.37854056656361,6.7532392334938,0,1,6,"brown"
63,"B","female",1,"married",91.8962097786245,6.36643869452178,4.90776766978949,0,1,5,"black"
74,"A","female",5,"married",96.670026303207,-4.24775702923536,8.24428394599259,1,0,10,"brown"
26,"A","female",3,"single",66.7536294613565,-1.20936840541661,6.1666754533127,1,1,3,"brown"
44,"A","female",1,"single",75.9603652031552,-1.82634169690311,7.72141870508343,0,0,3,"other"
35,"B","male",1,"married",79.4369498777785,1.96565979607403,4.36183639872819,1,1,2,"other"
35,"B","female",1,"single",75.3058700029884,8.81023805569857,-3.53435858966783,0,1,2,"other"
69,"B","male",0,"married",85.5208856847273,-4.83572173200548,12.1819089217708,0,0,11,"brown"
42,"A","male",4,"married",80.0679560562772,0.697816323637962,5.6875440440625,1,1,4,"blonde"
34,"B","male",1,"single",70.5920014274086,1.22337605182081,6.21993035897985,0,1,8,"black"
25,"B","male",2,"married",70.5682787406938,1.54894958995283,2.52661388274282,0,1,7,"black"
35,"B","female",1,"single",56.5061433987452,2.38788787722588,4.27802631981671,0,1,1,"black"
34,"B","male",2,"married",76.6551647969031,-7.54751414868981,9.4246616015248,1,0,6,"brown"
41,"A","male",4,"married",75.4252074869389,-3.66420648835599,6.0795103783682,0,0,4,"brown"
35,"B","male",2,"married",80.7955199856135,0.387112961895764,5.47810113342479,0,0,5,"brown"
26,"B","female",1,"married",67.2516428056651,-3.88992338303477,3.2420751789175,1,0,1,"black"
28,"B","male",3,"single",58.7849404124499,-6.96560181170702,10.7213752206117,1,0,8,"brown"
27,"B","male",4,"divorced",71.5576033886566,-0.320307708382606,3.87073863717914,1,0,5,"brown"
31,"A","male",1,"single",72.36352684517,-1.09061684563756,4.71318019361794,0,0,4,"brown"
57,"A","female",4,"divorced",71.4304916354154,-1.89161298111081,9.99071321952343,0,0,5,"black"
42,"A","male",2,"married",74.4941264537342,-0.0399122497439385,11.0801258392185,0,1,10,"brown"
42,"A","female",1,"single",90.2728679920163,3.14485145933926,4.34438792555779,0,1,3,"other"
23,"B","female",0,"single",60.7774134173568,8.97711036637426,0.959845881432295,0,1,1,"black"
30,"B","female",0,"married",63.0829044101334,-7.61964136790484,4.42095848934725,0,0,1,"blonde"
20,"B","male",4,"single",56.1978125758765,0.889267182536423,5.96155773179606,1,1,4,"brown"
29,"A","female",1,"married",73.5308771755799,-2.06009966142476,5.15349333474785,1,0,3,"blonde"
21,"A","male",2,"married",71.3160185479232,0.675091745406389,7.07372224533558,0,1,7,"black"
16,"B","male",0,"single",65.9201696809697,6.47885532926768,1.43734913766012,1,1,6,"brown"
41,"B","female",3,"married",70.3144150662206,-9.86182643130422,9.82160030686855,0,0,8,"brown"
44,"A","female",2,"married",69.1664839940984,-1.14728446945548,4.47185366383195,1,0,1,"black"
12,"B","male",0,"divorced",42.2600999654297,-3.25322563502938,1.07851936758682,0,0,1,"other"
22,"A","female",2,"married",70.5204491844694,-3.10047241806984,5.67210539619625,0,0,2,"brown"
26,"A","female",1,"single",80.9271632279377,1.78873315125704,0.289641058683396,1,0,3,"other"
50,"A","male",2,"divorced",59.0519854796222,-2.62970509752631,10.297767489031,0,0,5,"black"
39,"A","female",1,"divorced",73.8818520160459,-2.71599206075072,5.45846052801609,0,0,1,"other"
31,"A","female",0,"divorced",49.72796220838,-2.500221728459,6.16167614435405,0,0,6,"brown"
19,"A","female",0,"married",58.7185509549361,-1.03036009974778,-0.737721594549716,0,0,4,"black"
36,"A","male",5,"married",73.6490689702982,-2.05533580735326,10.6015764437765,0,1,3,"black"
44,"B","female",3,"divorced",72.6046505969673,-5.05337729666382,2.07014616575465,0,0,3,"blonde"
29,"A","male",4,"married",67.6637256973329,-3.72455436185002,6.55422330892086,1,0,0,"brown"
21,"A","female",3,"married",70.279385571084,-1.80115051932633,3.23680291434377,0,0,7,"brown"
33,"B","female",6,"single",60.246247417544,-7.97897481653839,8.12059669229016,0,0,11,"brown"
17,"A","female",0,"divorced",58.4743723447895,-0.0868569946289062,-3.0257985022366,0,0,5,"brown"
44,"A","male",4,"single",83.8087536486184,1.2207759796828,9.03700695025176,1,1,2,"black"
37,"B","male",2,"married",85.2423812111637,2.32092035073787,6.96520214525238,0,1,4,"brown"
57,"A","female",2,"married",83.4646930079984,-3.58742911055684,10.3405393456966,1,0,9,"black"
42,"A","male",5,"married",85.8939096406526,-0.724301915466786,10.3639238912165,0,1,8,"other"
58,"B","female",3,"married",93.4420719317157,0.0967185663431882,7.12224897355586,1,0,3,"black"
28,"B","male",0,"divorced",61.92975707764,8.19977805152535,3.83456430469453,1,1,4,"black"
49,"B","male",1,"divorced",65.9929895771242,-6.84901385985315,11.4489561758414,0,0,5,"black"
36,"A","male",3,"divorced",60.9223181943682,-4.01858775012195,9.64379020241648,1,0,7,"blonde"
34,"A","female",3,"single",63.7067909591174,-0.367544186934829,2.71398655223101,0,0,3,"black"
22,"B","male",1,"married",81.5636824330965,-7.64182193618268,9.50928331476823,1,0,6,"black"
24,"B","male",0,"single",61.960044272694,-3.57414635315537,6.55293095758557,1,0,4,"brown"
15,"B","male",1,"divorced",52.1969436383713,6.60807608179748,2.47737623345107,0,1,5,"brown"
33,"A","female",0,"single",69.3668543103916,4.42339962147176,-0.504104701943695,0,1,4,"brown"
25,"A","female",1,"married",61.7597395624157,2.17973853647709,3.90426934286952,0,1,7,"black"
61,"A","female",6,"married",102.155469998892,-1.50793137468398,8.5003717104122,1,0,2,"brown"
47,"B","male",4,"divorced",85.9858102383204,0.695830929614603,6.80017381546274,0,0,3,"black"
83,"B","male",12,"married",96.6017300635178,0.565706685967744,13.9518253942467,1,1,6,"black"
29,"B","female",0,"married",48.9881334869783,7.41146701660007,-0.647287845868617,0,1,2,"other"
68,"B","male",4,"single",101.786999675268,5.77561204567552,11.1458465961814,0,1,5,"blonde"
25,"A","male",3,"single",54.0014222441408,-2.51517998799682,9.05093377456069,0,0,6,"brown"
26,"B","male",4,"married",67.601542161297,-0.877474741563201,10.8023453038707,1,1,6,"black"
36,"B","male",4,"married",79.8861111079763,-1.34737602408975,5.91643329906836,0,0,2,"black"
56,"B","female",1,"single",85.5828229006649,9.99532643321902,1.07098770964518,0,1,3,"brown"
48,"B","male",0,"married",81.5819208841474,1.72588226482272,10.9236607606411,1,1,3,"black"
55,"B","female",5,"married",83.6746833648666,1.25548701398075,7.02312043596059,1,1,10,"brown"
38,"B","female",1,"single",64.0133314244555,10.0159578809887,2.7041352308616,0,1,4,"black"
33,"A","male",1,"divorced",49.5244907637812,4.10042526558042,6.46537539665401,1,1,5,"brown"
14,"A","female",1,"divorced",61.2277321138418,-3.61671269059181,5.61772901675105,0,0,5,"brown"
22,"A","female",0,"married",62.7061213648062,-3.03781618498266,4.62345687507838,0,0,2,"blonde"
32,"B","male",1,"married",86.3884702643935,0.223040297031403,8.57550140599906,1,1,6,"blonde"
42,"A","male",2,"married",91.8070317112965,2.20316151544452,4.37734750840068,1,1,3,"black"
49,"A","female",1,"married",78.4929671116292,1.48652756541967,4.45242961025238,0,1,2,"brown"
44,"A","female",2,"married",59.5105826988502,1.07746402464807,8.9366858823821,1,1,7,"blonde"
43,"B","male",2,"married",78.9293920215478,9.20477277565747,4.16559220916405,0,1,6,"blonde"
50,"A","male",1,"single",73.4801249823738,0.339683940634131,6.14262063335627,0,1,5,"blonde"
56,"B","male",2,"married",78.0945523787949,0.836529656201601,5.64350490564108,1,1,2,"brown"
28,"A","male",2,"married",71.7713429700899,1.74366572633386,4.52156888727844,0,1,2,"brown"
35,"A","male",3,"single",68.0601064610197,-2.05159743055701,8.8178669025749,0,0,10,"other"
40,"A","male",2,"married",80.5338510386451,1.69668048359454,6.15868492912501,1,1,1,"other"
28,"A","female",1,"single",59.024850618269,-3.17839589767158,3.20097219847888,0,0,2,"blonde"
45,"A","female",5,"married",81.0532617901532,-2.82298279590905,9.01775447737426,1,0,7,"brown"
36,"B","female",2,"single",62.8064188949697,-4.88291741415858,4.48059186340868,0,0,8,"black"
49,"A","female",5,"divorced",64.7479533986052,2.3958231522888,3.9361967734471,0,1,5,"blonde"
30,"A","female",3,"single",67.7113630147939,0.447144011408091,3.0105323099345,0,1,3,"brown"
31,"A","male",2,"single",82.9762130396231,-0.790764602944255,8.12490581621975,0,0,7,"black"
24,"A","male",0,"married",35.3489597726129,1.6704693134129,3.00411932109296,1,1,6,"black"
25,"B","male",2,"single",46.517153259332,3.16511957254261,5.35818824311718,0,1,2,"blonde"
63,"B","female",2,"married",71.5669982721285,1.62034266557544,6.101871662613,1,1,4,"brown"
38,"B","female",1,"married",78.3045656645731,1.22796342171729,6.81500654772669,1,1,8,"black"
46,"A","male",4,"single",87.0377596117545,2.85732865154743,8.19343707503378,0,1,5,"blonde"
50,"A","male",7,"married",75.8701636164029,-4.84024918265641,7.64456207137555,0,0,4,"brown"
40,"A","female",2,"married",92.0347243238071,1.09671293497086,8.51142966024578,0,1,6,"brown"
28,"A","male",0,"married",76.1359858917822,-1.7183673144877,8.94835421961546,0,0,3,"blonde"
24,"B","male",0,"married",75.6863550899057,5.68555046387017,3.88030035788566,0,1,8,"brown"
32,"A","male",1,"single",68.9633053413343,-1.97523263342679,2.89600180759281,1,0,2,"blonde"
33,"B","female",1,"married",75.4808753655145,2.60813199620694,4.59296841393039,1,1,3,"black"
34,"A","male",0,"married",80.7669858456557,-2.88080718897283,6.8406978205815,1,0,5,"brown"
71,"A","female",5,"divorced",77.9074074030884,-2.17656669571996,8.9878267558068,0,0,2,"black"
67,"A","female",3,"married",78.2778433852122,1.40557698175311,6.16762365098298,0,1,3,"brown"
20,"B","male",1,"married",60.7306925809074,-8.97456874828786,8.59129679800943,1,0,2,"brown"
39,"A","female",6,"divorced",57.7330482006288,-3.02137099698186,5.26804959064722,0,0,7,"blonde"
42,"A","male",2,"single",73.2952948730656,-0.845675386339426,5.28939396958053,0,1,5,"black"
23,"A","male",2,"married",84.1787343504153,0.0269098831713199,1.96479332399368,0,1,4,"blonde"
34,"B","female",2,"divorced",65.9320788137158,-1.23356592252851,5.10115126809478,1,0,5,"brown"
28,"A","female",1,"married",62.2360526881466,-1.95955738477409,1.59305978619307,0,1,6,"other"
88,"B","female",6,"single",96.1566247323951,-1.07773645479232,12.002050420668,0,0,5,"brown"
50,"B","female",4,"married",74.0946423796313,-4.81474820896983,11.9787739273161,0,0,6,"black"
25,"B","female",1,"married",78.6702185878425,6.28030493855476,2.56530629396439,0,1,5,"brown"
50,"A","male",2,"married",76.5308505317763,1.90659060701728,5.46212669610977,0,1,4,"other"
39,"B","female",3,"single",70.7947901775879,7.80406478952616,3.1352704658024,0,1,4,"black"
31,"B","male",2,"divorced",60.0860944382991,2.48849496420473,0.680714464034885,0,1,2,"brown"
25,"A","male",2,"divorced",53.2740664208114,0.295931179076433,2.28899455554783,0,1,3,"blonde"
45,"B","female",2,"married",62.6915861500622,-1.49523394405842,9.0752596604824,0,0,4,"other"
30,"A","male",0,"single",68.1158415628497,2.39922886379063,3.89151125129312,0,1,10,"other"
40,"B","female",1,"married",64.3695111647794,-5.04826992545277,6.37131745791063,1,0,2,"brown"
37,"B","male",2,"married",79.9973813951617,-2.21665073115379,9.82751047329232,0,0,5,"blonde"
44,"B","male",5,"married",82.2073446273155,-1.60174303676933,9.23557659663632,0,0,2,"brown"
78,"B","female",3,"divorced",102.078252328632,5.67285573523492,5.65661503511295,1,1,9,"black"
45,"A","male",2,"divorced",73.8555309408265,-1.6866229776293,5.1001331788674,1,1,5,"brown"
60,"B","female",4,"divorced",70.2050160894715,-1.74397604465485,6.32821350969374,0,0,12,"brown"
45,"A","male",2,"single",94.6015053492959,0.526001199707389,3.9009401557222,0,1,4,"brown"
57,"A","male",1,"married",94.2031194556976,1.93498684220016,6.98716715871543,0,1,3,"blonde"
48,"B","female",1,"married",79.247715636041,-4.7823005271703,10.7606600166187,1,0,8,"brown"
31,"A","male",4,"single",58.6372195678478,-1.2127558953315,7.39835226287693,0,0,4,"other"
23,"B","male",3,"divorced",60.4825560029832,2.65914491660893,1.45053497225791,1,1,6,"brown"
21,"B","male",3,"single",80.1149172346992,7.16247736949474,2.65616695161536,0,1,4,"black"
22,"B","female",0,"married",56.7219090703072,-7.05093341175467,2.15940215767547,0,0,1,"black"
50,"A","female",1,"single",77.4091223419661,3.07107021845877,7.34853162597865,0,1,7,"black"
48,"B","female",3,"married",81.3205469482028,-1.62785018324852,4.91750888925791,0,0,8,"brown"
42,"A","female",1,"single",73.4304576392536,1.31610229253769,2.67721388037503,0,1,4,"blonde"
59,"A","female",5,"divorced",80.1975892681891,-0.66566443786025,9.46249057529867,1,0,8,"black"
22,"B","female",0,"married",60.9771984363395,-6.64941761404276,5.55018075372279,1,0,5,"black"
49,"A","female",6,"single",77.7445389501971,-5.78735029928386,3.63107057730108,0,0,5,"other"
56,"B","female",3,"single",70.2186262923549,9.36827443715185,-0.060506322015077,0,1,5,"other"
56,"B","male",5,"married",91.0124150457915,-11.0968732061982,13.578057039097,0,0,3,"brown"
33,"A","female",1,"married",67.864651967452,1.61532459393144,6.61698096771538,1,1,6,"black"
39,"B","female",4,"single",75.3469215656415,0.925848465152085,3.24336409427598,1,1,5,"black"
69,"A","female",4,"married",77.7629114505737,-3.16037109576166,9.08282246800512,1,0,4,"brown"
13,"A","female",1,"married",56.2864872016665,-1.03957589693367,-0.820684095539153,0,0,7,"black"
31,"A","male",0,"single",76.0337043614509,0.499015646874905,4.37404371158779,0,1,11,"blonde"
39,"A","male",2,"married",88.2581858393838,-0.373027690947056,9.22097899577022,1,0,4,"black"
60,"A","male",3,"single",84.4886741081275,0.256820103898644,10.4449848807976,1,1,3,"black"
45,"A","female",1,"divorced",68.4135879579157,-2.92640992105007,4.2068925640732,0,0,5,"brown"
30,"B","female",2,"married",74.3207183619534,-3.22355778384954,9.05871573163196,0,0,4,"brown"
35,"A","female",2,"married",74.6654093360172,1.2045745074749,3.47258219845593,0,1,8,"brown"
14,"A","male",0,"married",76.6191594604552,2.59353769265115,2.84017681310326,0,1,5,"brown"
38,"A","male",3,"married",97.0054097277101,-0.660117940753698,11.4631261092871,0,1,8,"black"
37,"B","female",2,"married",73.5501507397673,7.94266603957862,1.80275423729047,1,1,6,"blonde"
27,"A","male",0,"married",84.9352925945329,-1.96871565751731,3.59703218667954,1,0,4,"brown"
33,"A","male",2,"single",74.4262243914176,-2.21455827742815,6.22335297693312,0,0,2,"blonde"
30,"A","female",3,"single",69.9583121962427,0.0948132298886777,2.03233653351665,0,1,8,"blonde"
43,"B","male",2,"married",83.5552657291765,0.108347041197121,10.9612337338813,1,1,5,"black"
22,"B","female",1,"single",52.2043744692007,-0.0907329697534442,3.84380984430388,0,0,4,"brown"
53,"A","male",3,"single",80.7010106861617,2.46578158758581,6.83142705165595,0,1,2,"other"
16,"A","female",1,"single",49.1089592472676,0.214282903522253,-2.65892544305325,1,0,2,"blonde"
38,"A","female",3,"single",73.955129611067,0.753305537849664,4.0832469445914,1,1,6,"brown"
25,"B","male",1,"married",58.5424131097697,4.67627734877169,2.09561620485038,1,1,4,"brown"
46,"B","male",3,"married",93.7749461022883,6.01457392524928,8.96960134513304,0,1,3,"black"
36,"A","female",1,"married",82.9487049774654,-0.136825929135084,5.09343099446595,1,0,7,"other"
56,"A","female",2,"single",88.4944640892666,2.8401079223305,6.51038092238456,0,1,3,"black"
44,"B","female",0,"married",79.6512303197464,-4.57626932289451,7.67595873266831,0,0,7,"brown"
24,"A","male",3,"married",62.685231574161,0.7103606569767,8.97820007888973,1,1,4,"black"
16,"A","female",1,"divorced",52.4291839846252,2.31980976618826,-3.16760055097193,0,1,6,"other"
36,"A","female",2,"married",66.9753470691971,-2.54589833572507,2.16713921317458,0,0,2,"black"
43,"B","female",1,"divorced",57.3162037420054,-0.32878585472703,7.20707910452783,1,0,7,"blonde"
51,"A","male",2,"married",68.5432941039168,-1.16827453814447,5.99862789628655,1,0,6,"black"
49,"B","male",1,"single",90.545403109598,-8.80587385918945,8.48083409913257,0,0,5,"brown"
30,"A","female",3,"single",56.8770973850684,0.906130113080144,-0.420917096100748,0,1,3,"brown"
68,"B","male",5,"married",99.1189891132177,0.7983600121364,7.68990148464963,1,1,6,"black"
34,"A","male",3,"single",53.2872324076907,-4.42636317171156,7.80315839397162,0,0,3,"black"
32,"B","male",5,"divorced",81.1968532703859,-9.56597628783435,5.34065194529667,1,0,4,"brown"
52,"A","female",2,"divorced",70.1957020514338,3.10501964665949,0.567884558357298,1,1,2,"other"
43,"A","male",4,"divorced",90.6067088744183,-2.19810843408108,9.71810225006938,0,0,5,"black"
32,"B","male",1,"married",54.977781187305,8.57130029737949,3.20530346165597,1,1,0,"brown"
41,"A","male",1,"single",57.3827923043595,-3.56436237163842,10.0992416626737,0,0,8,"black"
53,"A","male",2,"married",77.1331344552183,-2.27781611919403,10.8949125315696,0,0,8,"brown"
49,"A","male",3,"married",70.6491716739725,-4.44535465210676,7.77621489664912,0,0,2,"brown"
30,"A","male",0,"single",80.2598350882293,4.45622778348625,6.45405405338854,0,1,8,"black"
39,"B","female",2,"married",78.4330496040247,1.35572961878032,5.43398228090629,0,1,9,"black"
38,"B","female",0,"divorced",65.3028222072503,3.27156820449978,1.05669001660124,1,1,7,"brown"
51,"A","male",3,"divorced",71.1525655058083,2.55404262848198,9.24249539417774,0,1,4,"blonde"
48,"B","male",3,"divorced",76.2563859981247,5.22882884372026,5.06442785895243,0,1,4,"brown"
31,"B","female",2,"single",62.1078362140801,6.80161286786199,-0.395162324666977,1,1,3,"other"
49,"A","male",2,"married",85.6274014608984,2.26581237979233,8.56543006258458,0,1,6,"brown"
47,"A","female",1,"single",79.2908292162362,-3.5087721901387,4.30417729302496,0,0,7,"brown"
47,"B","male",4,"married",78.9080114968215,-1.14510284591466,7.44998289750144,0,0,6,"brown"
59,"A","male",4,"divorced",91.2201113562952,-0.142623426094651,5.19733952144533,0,1,3,"black"
35,"A","female",2,"divorced",81.4748367848942,3.28208507671952,-1.87912002079189,1,1,4,"black"
45,"B","female",1,"married",82.5475504884955,10.078575899452,2.68148779153824,0,1,7,"brown"
29,"B","female",2,"divorced",75.0130230538638,-6.77892994236201,8.01080887422338,0,0,5,"other"
54,"B","male",1,"married",90.7055481073397,4.97147235359997,10.8656856929176,0,1,6,"black"
57,"B","female",2,"single",86.0853960865421,1.22784809708595,3.85627313572168,0,1,7,"blonde"
30,"B","male",2,"married",65.799886591679,-7.43261798713356,12.5690348285995,1,0,5,"black"
36,"B","female",1,"divorced",70.5936407266087,2.35753528427333,0.0864108025245369,0,1,6,"brown"
28,"B","female",1,"married",72.3565703969337,-5.60921964753419,3.06533516111597,1,0,4,"brown"
33,"A","female",3,"married",55.0360862853879,-0.605119826421142,6.28787081748992,1,0,7,"brown"
31,"B","female",1,"single",82.7168715493497,7.48257988028228,2.0180025966242,0,1,6,"black"
43,"B","male",3,"married",76.3015011701879,-6.25323651578277,8.22366270749643,1,0,4,"brown"
42,"A","female",1,"married",54.8063199877318,-2.1074467523396,9.61305088359117,1,0,7,"blonde"
39,"A","male",0,"married",80.1826073409452,-1.00945961780846,9.77289672846347,1,0,6,"brown"
31,"B","female",1,"married",78.8615583780733,0.495125645659864,5.96505226142332,0,0,4,"black"
49,"A","male",4,"single",75.7421837864915,-4.2826327238977,6.98381531251967,0,0,4,"brown"
41,"A","male",4,"married",78.661173383455,2.63597125716507,4.86599031230062,1,1,4,"brown"
44,"A","female",0,"married",85.7110471503607,2.68820264853537,7.0250199540183,0,1,2,"other"
49,"B","female",4,"divorced",72.3722243206608,-1.96070203136653,7.95807708338276,0,0,6,"blonde"
37,"A","male",2,"married",68.5324162299673,-0.44024785630405,6.69343404106051,1,1,3,"blonde"
